"id","ts","min","max","avg","sum","cnt"
37,"2018-04-13 20:00:00",0,14339,24,25398,1038
23,"2018-04-13 06:00:00",0,0,0,0,34
16,"2018-04-12 05:00:00",0,908,3,13204,4052
5,"2018-04-11 18:00:00",0,19762,26,82051,3119
41,"2018-04-14 00:00:00",0,888,39,10540,268
10,"2018-04-11 23:00:00",0,1979,13,23424,1714
2,"2018-04-11 15:00:00",0,3482,9,20889,2200
65,"2018-04-15 00:00:00",0,907,57,11301,196
12,"2018-04-12 01:00:00",0,7183,31,66703,2107
51,"2018-04-14 10:00:00",0,9186,48,27932,575
43,"2018-04-14 02:00:00",0,4781,61,16352,265
24,"2018-04-13 07:00:00",0,187370,172,273580,1588
11,"2018-04-12 00:00:00",0,877,9,16050,1759
6,"2018-04-11 19:00:00",0,10780,7,27111,3593
17,"2018-04-12 06:00:00",0,895,3,15307,4510
3,"2018-04-11 16:00:00",0,1014,5,14938,2735
49,"2018-04-14 08:00:00",0,888,10,9941,961
71,"2018-04-15 06:00:00",0,907,16,12184,757
13,"2018-04-12 02:00:00",0,1747,11,19735,1717
79,"2018-04-15 14:00:00",0,864,8,10322,1225
75,"2018-04-15 10:00:00",0,859,3,9613,2901
7,"2018-04-11 20:00:00",0,858,5,11966,2102
25,"2018-04-13 08:00:00",0,2452,9,16931,1793
8,"2018-04-11 21:00:00",0,869,16,21334,1303
4,"2018-04-11 17:00:00",0,4714,5,19772,3427
1,"2018-04-11 14:00:00",0,871,5,9695,1751
66,"2018-04-15 01:00:00",0,1241,51,10154,198
47,"2018-04-14 06:00:00",0,1938,17,13983,808
18,"2018-04-12 07:00:00",0,864,3,9864,2985
59,"2018-04-14 18:00:00",0,2089,8,11718,1458
14,"2018-04-12 03:00:00",0,855,9,17706,1892
26,"2018-04-13 09:00:00",0,15253,24,35987,1492
63,"2018-04-14 22:00:00",0,5448,45,18218,403
9,"2018-04-11 22:00:00",0,8640,17,38320,2162
61,"2018-04-14 20:00:00",0,5004,11,14335,1251
55,"2018-04-14 14:00:00",0,7060,21,19024,893
19,"2018-04-12 08:00:00",0,875,6,16724,2397
54,"2018-04-14 13:00:00",0,1855,17,13417,753
15,"2018-04-12 04:00:00",0,869,5,15897,2728
42,"2018-04-14 01:00:00",0,877,30,10921,360
27,"2018-04-13 10:00:00",0,1024,5,10561,1999
40,"2018-04-13 23:00:00",0,872,27,8511,314
22,"2018-04-12 11:00:00",0,856,7,8869,1211
28,"2018-04-13 11:00:00",0,880,8,11656,1409
20,"2018-04-12 09:00:00",0,886,3,8539,2169
56,"2018-04-14 15:00:00",0,860,13,9775,717
53,"2018-04-14 12:00:00",0,874,9,9684,986
29,"2018-04-13 12:00:00",0,871,13,12204,889
21,"2018-04-12 10:00:00",0,869,3,6674,1695
50,"2018-04-14 09:00:00",0,1850,10,11087,1058
30,"2018-04-13 13:00:00",0,901,11,18991,1710
48,"2018-04-14 07:00:00",0,6007,13,13973,1025
45,"2018-04-14 04:00:00",0,871,33,9483,287
31,"2018-04-13 14:00:00",0,888,15,13357,865
76,"2018-04-15 11:00:00",0,873,4,10611,2277
32,"2018-04-13 15:00:00",0,868,9,8934,959
73,"2018-04-15 08:00:00",0,1643,14,13082,900
33,"2018-04-13 16:00:00",0,1113,11,12329,1118
62,"2018-04-14 21:00:00",0,17255,52,30786,585
44,"2018-04-14 03:00:00",0,870,28,9089,321
34,"2018-04-13 17:00:00",0,9066,71,85694,1193
52,"2018-04-14 11:00:00",0,12258,36,25760,707
57,"2018-04-14 16:00:00",0,876,10,10441,1034
35,"2018-04-13 18:00:00",0,18273,54,70749,1292
39,"2018-04-13 22:00:00",0,24731,377,186317,494
36,"2018-04-13 19:00:00",0,900,10,10876,1079
38,"2018-04-13 21:00:00",0,5020,54,34467,630
46,"2018-04-14 05:00:00",0,867,15,10662,685
67,"2018-04-15 02:00:00",0,2652,88,13295,150
68,"2018-04-15 03:00:00",0,2282,52,12649,243
60,"2018-04-14 19:00:00",0,3598,8,13139,1539
82,"2018-04-15 17:00:00",0,1105,4,10416,2176
81,"2018-04-15 16:00:00",0,869,7,11502,1576
58,"2018-04-14 17:00:00",0,895,7,10531,1475
74,"2018-04-15 09:00:00",0,862,5,11300,1936
72,"2018-04-15 07:00:00",0,3763,9,12400,1340
80,"2018-04-15 15:00:00",0,2591,9,14451,1571
69,"2018-04-15 04:00:00",0,871,49,9005,181
64,"2018-04-14 23:00:00",0,894,13,8942,642
77,"2018-04-15 12:00:00",0,11664,19,24515,1266
70,"2018-04-15 05:00:00",0,874,23,10313,439
78,"2018-04-15 13:00:00",0,1013,6,10080,1487
83,"2018-04-15 18:00:00",0,5456,8,18292,2052
85,"2018-04-15 20:00:00",0,29693,268,466351,1737
84,"2018-04-15 19:00:00",0,860,5,10641,1788
86,"2018-04-15 21:00:00",0,1046,10,10267,1024
90,"2018-04-16 01:00:00",0,884,12,9988,826
88,"2018-04-15 23:00:00",0,6393,11,13772,1202
87,"2018-04-15 22:00:00",0,900,13,10886,792
89,"2018-04-16 00:00:00",0,2563,15,14329,929
92,"2018-04-16 03:00:00",0,943,14,13330,951
91,"2018-04-16 02:00:00",0,872,14,8748,597
93,"2018-04-16 04:00:00",0,885,8,9864,1190
95,"2018-04-16 06:00:00",0,2177,8,12634,1504
94,"2018-04-16 05:00:00",0,874,6,10590,1621
99,"2018-04-16 10:00:00",0,58096,292,321666,1098
96,"2018-04-16 07:00:00",0,15048,13,26043,1980
97,"2018-04-16 08:00:00",0,8559,13,16910,1233
98,"2018-04-16 09:00:00",0,13582,47,56823,1198
101,"2018-04-16 12:00:00",0,887,9,9327,966
100,"2018-04-16 11:00:00",0,3480,8,16192,1806
137,"2018-04-18 00:00:00",0,882,9,9340,938
138,"2018-04-18 01:00:00",0,4341,16,15264,948
120,"2018-04-17 07:00:00",0,860,8,8692,1037
115,"2018-04-17 02:00:00",0,869,13,10283,748
106,"2018-04-16 17:00:00",0,4035,6,13938,1999
128,"2018-04-17 15:00:00",0,874,8,9252,1124
166,"2018-04-19 05:00:00",0,2097,6,11840,1941
133,"2018-04-17 20:00:00",0,1746,11,15538,1335
103,"2018-04-16 14:00:00",0,5227,12,15399,1216
125,"2018-04-17 12:00:00",0,11945,28,39360,1402
185,"2018-04-20 00:00:00",0,884,7,7704,1057
160,"2018-04-18 23:00:00",0,3805,46,20697,444
139,"2018-04-18 02:00:00",0,915,11,11162,941
117,"2018-04-17 04:00:00",0,13457,21,21272,979
122,"2018-04-17 09:00:00",0,4067,13,14948,1125
108,"2018-04-16 19:00:00",0,1688,4,10479,2540
110,"2018-04-16 21:00:00",0,921,9,10286,1065
132,"2018-04-17 19:00:00",0,21254,12,29137,2251
105,"2018-04-16 16:00:00",0,2737,9,16842,1770
163,"2018-04-19 02:00:00",0,6569,23,14850,642
112,"2018-04-16 23:00:00",0,872,17,13873,806
175,"2018-04-19 14:00:00",0,909,11,10938,959
102,"2018-04-16 13:00:00",0,10070,19,24388,1220
154,"2018-04-18 17:00:00",0,5408,9,13447,1423
144,"2018-04-18 07:00:00",0,860,9,9983,1085
140,"2018-04-18 03:00:00",0,1418,11,11848,1009
155,"2018-04-18 18:00:00",0,877,5,10408,1902
119,"2018-04-17 06:00:00",0,861,6,11133,1813
127,"2018-04-17 14:00:00",0,1815,11,12536,1109
114,"2018-04-17 01:00:00",0,1830,12,9151,718
131,"2018-04-17 18:00:00",0,5005,9,16932,1833
124,"2018-04-17 11:00:00",0,2823,10,12827,1218
107,"2018-04-16 18:00:00",0,2716,6,15028,2348
104,"2018-04-16 15:00:00",0,6042,9,18258,1834
153,"2018-04-18 16:00:00",0,4042,14,15694,1092
147,"2018-04-18 10:00:00",0,1689,11,14434,1249
149,"2018-04-18 12:00:00",0,2123,33,71887,2169
116,"2018-04-17 03:00:00",0,882,12,9734,749
109,"2018-04-16 20:00:00",0,5229,18,23165,1275
170,"2018-04-19 09:00:00",0,883,5,8373,1610
141,"2018-04-18 04:00:00",0,906,7,9347,1259
111,"2018-04-16 22:00:00",0,898,13,11007,826
121,"2018-04-17 08:00:00",0,870,8,9534,1143
156,"2018-04-18 19:00:00",0,1826,6,13015,1971
145,"2018-04-18 08:00:00",0,876,8,11963,1355
130,"2018-04-17 17:00:00",0,868,7,11594,1589
152,"2018-04-18 15:00:00",0,896,4,8613,1735
118,"2018-04-17 05:00:00",0,859,5,10701,1855
113,"2018-04-17 00:00:00",0,878,13,10623,778
126,"2018-04-17 13:00:00",0,4452,10,12804,1169
174,"2018-04-19 13:00:00",0,4461,13,14443,1100
167,"2018-04-19 06:00:00",0,880,3,7792,2040
123,"2018-04-17 10:00:00",0,899,9,10338,1146
142,"2018-04-18 05:00:00",0,912,6,11353,1684
136,"2018-04-17 23:00:00",0,1354,10,10821,1034
129,"2018-04-17 16:00:00",0,937,5,10961,1968
162,"2018-04-19 01:00:00",0,1118,25,9938,384
157,"2018-04-18 20:00:00",0,23194,139,224403,1606
135,"2018-04-17 22:00:00",0,2057,10,10848,1025
151,"2018-04-18 14:00:00",0,1858,15,13718,896
161,"2018-04-19 00:00:00",0,5854,41,15593,375
194,"2018-04-20 09:00:00",0,9612,13,29264,2236
148,"2018-04-18 11:00:00",0,5274,34,74055,2153
169,"2018-04-19 08:00:00",0,3433,9,14199,1448
134,"2018-04-17 21:00:00",0,882,8,9998,1227
146,"2018-04-18 09:00:00",0,864,10,13138,1207
143,"2018-04-18 06:00:00",0,871,8,14357,1692
184,"2018-04-19 23:00:00",0,894,13,12384,887
158,"2018-04-18 21:00:00",0,44382,463,462274,997
171,"2018-04-19 10:00:00",0,15962,18,25577,1414
183,"2018-04-19 22:00:00",0,924,21,18661,864
150,"2018-04-18 13:00:00",0,5760,21,26452,1213
159,"2018-04-18 22:00:00",0,1979,13,10267,739
177,"2018-04-19 16:00:00",0,890,8,9740,1086
173,"2018-04-19 12:00:00",0,897,11,12096,1072
180,"2018-04-19 19:00:00",0,3345,11,17996,1594
168,"2018-04-19 07:00:00",0,1707,4,11388,2436
165,"2018-04-19 04:00:00",0,893,6,9325,1338
164,"2018-04-19 03:00:00",0,890,12,11265,906
176,"2018-04-19 15:00:00",0,887,7,9214,1230
172,"2018-04-19 11:00:00",0,1588,8,13315,1527
182,"2018-04-19 21:00:00",0,2107,9,14433,1463
181,"2018-04-19 20:00:00",0,5005,15,18062,1198
178,"2018-04-19 17:00:00",0,7943,10,19201,1866
179,"2018-04-19 18:00:00",0,888,6,10617,1713
190,"2018-04-20 05:00:00",0,6632,14,23788,1591
192,"2018-04-20 07:00:00",0,1230,5,10209,1778
189,"2018-04-20 04:00:00",0,884,9,10304,1129
186,"2018-04-20 01:00:00",0,901,10,9710,918
188,"2018-04-20 03:00:00",0,2113,12,11465,907
187,"2018-04-20 02:00:00",0,893,11,10037,884
191,"2018-04-20 06:00:00",0,882,6,12461,1816
193,"2018-04-20 08:00:00",0,892,6,10692,1572
195,"2018-04-20 10:00:00",0,8856,17,33828,1921
198,"2018-04-20 13:00:00",0,13695,14,27411,1888
196,"2018-04-20 11:00:00",0,5868,7,15789,2150
197,"2018-04-20 12:00:00",0,9539,20,39906,1989
199,"2018-04-20 14:00:00",0,1560,8,12798,1574
201,"2018-04-20 16:00:00",0,1255,8,9261,1154
200,"2018-04-20 15:00:00",0,1621,8,9532,1082
202,"2018-04-20 17:00:00",0,12165,24,38057,1585
213,"2018-04-21 04:00:00",0,894,23,9366,399
254,"2018-04-22 22:00:00",0,887,10,9483,894
225,"2018-04-21 16:00:00",0,893,8,10065,1165
228,"2018-04-21 19:00:00",0,3460,9,17127,1766
256,"2018-04-23 00:00:00",0,3757,21,19438,885
206,"2018-04-20 21:00:00",0,876,11,9980,843
232,"2018-04-21 23:00:00",0,2770,22,20345,900
294,"2018-04-24 14:00:00",0,2556,11,15218,1374
290,"2018-04-24 10:00:00",0,4964,8,14792,1788
248,"2018-04-22 16:00:00",0,912,4,12171,2566
218,"2018-04-21 09:00:00",0,6898,14,15785,1117
242,"2018-04-22 10:00:00",0,9317,16,24871,1539
210,"2018-04-21 01:00:00",0,873,24,9791,393
220,"2018-04-21 11:00:00",0,910,11,15116,1299
203,"2018-04-20 18:00:00",0,8424,22,39424,1715
263,"2018-04-23 07:00:00",0,7460,11,25287,2215
216,"2018-04-21 07:00:00",0,869,9,10371,1097
222,"2018-04-21 13:00:00",0,1782,12,11673,918
207,"2018-04-20 22:00:00",0,1012,17,9440,542
250,"2018-04-22 18:00:00",0,3184,4,12217,2826
259,"2018-04-23 03:00:00",0,2097,14,13548,931
246,"2018-04-22 14:00:00",0,2315,11,15999,1418
231,"2018-04-21 22:00:00",0,7014,18,18779,996
214,"2018-04-21 05:00:00",0,902,8,8836,1082
211,"2018-04-21 02:00:00",0,883,27,9865,357
208,"2018-04-20 23:00:00",0,2120,26,10425,387
270,"2018-04-23 14:00:00",0,901,6,10432,1575
227,"2018-04-21 18:00:00",0,6045,11,17153,1556
224,"2018-04-21 15:00:00",0,1438,14,16797,1137
204,"2018-04-20 19:00:00",0,9116,8,18912,2313
253,"2018-04-22 21:00:00",0,1247,7,11833,1487
243,"2018-04-22 11:00:00",0,892,4,7474,1506
284,"2018-04-24 04:00:00",0,883,20,16124,788
237,"2018-04-22 04:00:00",0,1128,10,9624,940
268,"2018-04-23 12:00:00",0,954,4,9791,2006
236,"2018-04-22 03:00:00",0,2097,14,12336,854
230,"2018-04-21 21:00:00",0,5005,16,15619,946
240,"2018-04-22 08:00:00",0,879,5,2189,398
238,"2018-04-22 05:00:00",0,4904,11,15578,1391
209,"2018-04-21 00:00:00",0,883,13,7597,550
235,"2018-04-22 02:00:00",0,3826,27,19792,723
212,"2018-04-21 03:00:00",0,1943,18,9784,542
219,"2018-04-21 10:00:00",0,892,7,10060,1436
217,"2018-04-21 08:00:00",0,1699,5,9884,1734
205,"2018-04-20 20:00:00",0,3773,12,13231,1028
226,"2018-04-21 17:00:00",0,894,6,9018,1415
221,"2018-04-21 12:00:00",0,1367,15,17621,1121
215,"2018-04-21 06:00:00",0,4534,10,14523,1441
282,"2018-04-24 02:00:00",0,883,13,9704,714
272,"2018-04-23 16:00:00",0,9351,9,25286,2742
223,"2018-04-21 14:00:00",0,5263,18,22913,1208
252,"2018-04-22 20:00:00",0,1264,5,8823,1561
278,"2018-04-23 22:00:00",0,1134,16,14626,893
262,"2018-04-23 06:00:00",0,1233,6,11002,1738
229,"2018-04-21 20:00:00",0,917,9,11637,1202
234,"2018-04-22 01:00:00",0,3439,27,20310,731
260,"2018-04-23 04:00:00",0,1728,7,12451,1761
233,"2018-04-22 00:00:00",0,888,25,14251,556
244,"2018-04-22 12:00:00",0,6383,11,16716,1458
249,"2018-04-22 17:00:00",0,761,4,9731,2060
247,"2018-04-22 15:00:00",0,29699,22,45172,1969
275,"2018-04-23 19:00:00",0,4539,7,19165,2588
274,"2018-04-23 18:00:00",0,29556,15,49188,3094
269,"2018-04-23 13:00:00",0,6371,15,21105,1381
239,"2018-04-22 06:00:00",0,875,7,2717,340
251,"2018-04-22 19:00:00",0,1392,6,11292,1827
245,"2018-04-22 13:00:00",0,2391,6,11209,1635
241,"2018-04-22 09:00:00",0,2068,8,8755,1059
283,"2018-04-24 03:00:00",0,1248,17,9313,522
266,"2018-04-23 10:00:00",0,2625,8,13548,1634
265,"2018-04-23 09:00:00",0,6319,11,18327,1601
255,"2018-04-22 23:00:00",0,907,11,9578,817
264,"2018-04-23 08:00:00",0,3096,6,13106,1916
261,"2018-04-23 05:00:00",0,5005,7,13621,1829
258,"2018-04-23 02:00:00",0,1677,17,16726,960
257,"2018-04-23 01:00:00",0,888,9,7723,782
273,"2018-04-23 17:00:00",0,7127,6,17888,2568
280,"2018-04-24 00:00:00",0,1236,11,9389,805
267,"2018-04-23 11:00:00",0,3572,5,13799,2338
276,"2018-04-23 20:00:00",0,3606,4,13477,3186
285,"2018-04-24 05:00:00",0,15098,18,30726,1680
271,"2018-04-23 15:00:00",0,968,6,12252,1817
281,"2018-04-24 01:00:00",0,872,14,10510,708
277,"2018-04-23 21:00:00",0,1089,9,8814,907
279,"2018-04-23 23:00:00",0,1818,13,10146,766
293,"2018-04-24 13:00:00",0,19971,34,68726,2002
287,"2018-04-24 07:00:00",0,867,5,11443,2026
286,"2018-04-24 06:00:00",0,1117,6,13151,2001
288,"2018-04-24 08:00:00",0,878,5,9043,1553
289,"2018-04-24 09:00:00",0,868,6,12992,1898
292,"2018-04-24 12:00:00",0,1885,10,12068,1149
291,"2018-04-24 11:00:00",0,886,11,9821,890
296,"2018-04-24 16:00:00",0,2540,8,14002,1713
295,"2018-04-24 15:00:00",0,2165,8,12665,1488
298,"2018-04-24 18:00:00",0,2073,5,11737,1963
297,"2018-04-24 17:00:00",0,889,4,9346,1873
301,"2018-04-24 21:00:00",0,882,18,10369,576
299,"2018-04-24 19:00:00",0,29396,31,62113,1968
300,"2018-04-24 20:00:00",0,9235,11,18575,1562
302,"2018-04-24 22:00:00",0,879,29,8294,282
303,"2018-04-24 23:00:00",0,1614,40,12814,319
313,"2018-04-25 09:00:00",0,9692,19,33782,1766
350,"2018-04-26 22:00:00",0,955,14,13166,910
325,"2018-04-25 21:00:00",0,2688,8,11625,1333
392,"2018-04-28 16:00:00",0,2773,8,8953,1055
390,"2018-04-28 14:00:00",0,12106,43,22825,519
364,"2018-04-27 12:00:00",0,1232,6,11467,1640
343,"2018-04-26 15:00:00",0,6081,17,29302,1651
307,"2018-04-25 03:00:00",0,879,37,9007,242
332,"2018-04-26 04:00:00",0,1246,8,10810,1318
347,"2018-04-26 19:00:00",0,6062,12,20262,1631
318,"2018-04-25 14:00:00",0,31546,39,63533,1594
320,"2018-04-25 16:00:00",0,29182,23,44841,1874
311,"2018-04-25 07:00:00",0,868,6,10966,1658
308,"2018-04-25 04:00:00",0,882,13,10807,773
372,"2018-04-27 20:00:00",0,875,8,8557,1047
316,"2018-04-25 12:00:00",0,1122,4,9307,1864
355,"2018-04-27 03:00:00",0,13529,42,23796,559
351,"2018-04-26 23:00:00",0,884,18,9823,528
322,"2018-04-25 18:00:00",0,2127,5,12014,2114
360,"2018-04-27 08:00:00",0,2628,8,14152,1606
306,"2018-04-25 02:00:00",0,1253,53,10723,200
344,"2018-04-26 16:00:00",0,14912,13,30449,2188
327,"2018-04-25 23:00:00",0,893,10,10599,966
314,"2018-04-25 10:00:00",0,1709,5,9678,1692
331,"2018-04-26 03:00:00",0,2092,15,10641,701
329,"2018-04-26 01:00:00",0,882,15,8610,553
369,"2018-04-27 17:00:00",0,11417,20,21853,1083
324,"2018-04-25 20:00:00",0,4134,7,13031,1693
304,"2018-04-25 00:00:00",0,909,53,10601,199
309,"2018-04-25 05:00:00",0,1869,8,11816,1398
371,"2018-04-27 19:00:00",0,873,6,9775,1479
305,"2018-04-25 01:00:00",0,901,44,9716,216
352,"2018-04-27 00:00:00",0,873,20,11510,557
348,"2018-04-26 20:00:00",0,6757,16,16350,1011
312,"2018-04-25 08:00:00",0,876,6,10662,1599
353,"2018-04-27 01:00:00",0,874,16,10683,661
377,"2018-04-28 01:00:00",0,919,23,9158,393
345,"2018-04-26 17:00:00",0,3687,9,16651,1703
338,"2018-04-26 10:00:00",0,965,6,10892,1587
337,"2018-04-26 09:00:00",0,937,6,8931,1416
319,"2018-04-25 15:00:00",0,2144,9,12483,1334
317,"2018-04-25 13:00:00",0,49894,52,77493,1486
336,"2018-04-26 08:00:00",0,863,10,13021,1185
321,"2018-04-25 17:00:00",0,4787,11,20904,1809
315,"2018-04-25 11:00:00",0,7574,10,20042,1853
326,"2018-04-25 22:00:00",0,2229,19,14986,784
310,"2018-04-25 06:00:00",0,889,6,9993,1664
373,"2018-04-27 21:00:00",0,1818,17,10531,599
335,"2018-04-26 07:00:00",0,9792,14,20285,1369
339,"2018-04-26 11:00:00",0,18396,40,34980,864
363,"2018-04-27 11:00:00",0,891,5,8816,1668
323,"2018-04-25 19:00:00",0,8188,8,22434,2610
334,"2018-04-26 06:00:00",0,1290,11,17339,1533
388,"2018-04-28 12:00:00",0,878,12,9338,725
330,"2018-04-26 02:00:00",0,8136,27,18269,668
328,"2018-04-26 00:00:00",0,902,11,8384,761
340,"2018-04-26 12:00:00",0,6258,22,28515,1275
361,"2018-04-27 09:00:00",0,876,6,9522,1536
374,"2018-04-27 22:00:00",0,870,21,8840,406
333,"2018-04-26 05:00:00",0,874,12,15290,1253
341,"2018-04-26 13:00:00",0,867,9,10406,1062
385,"2018-04-28 09:00:00",0,923,8,7961,892
346,"2018-04-26 18:00:00",0,7660,15,25272,1616
349,"2018-04-26 21:00:00",0,965,11,10048,878
342,"2018-04-26 14:00:00",0,8707,20,28272,1389
370,"2018-04-27 18:00:00",0,1233,6,7950,1322
356,"2018-04-27 04:00:00",0,861,12,9929,803
357,"2018-04-27 05:00:00",0,864,5,11726,2088
354,"2018-04-27 02:00:00",0,892,18,9808,542
376,"2018-04-28 00:00:00",0,1824,44,11575,263
367,"2018-04-27 15:00:00",0,896,7,9796,1356
366,"2018-04-27 14:00:00",0,914,6,9530,1444
358,"2018-04-27 06:00:00",0,4284,9,20870,2316
365,"2018-04-27 13:00:00",0,3771,11,15067,1327
380,"2018-04-28 04:00:00",0,5237,34,20282,596
359,"2018-04-27 07:00:00",0,917,6,12283,1800
362,"2018-04-27 10:00:00",0,35235,31,48311,1547
368,"2018-04-27 16:00:00",0,2916,9,12829,1287
383,"2018-04-28 07:00:00",0,901,16,16955,1008
378,"2018-04-28 02:00:00",0,5766,40,13751,342
382,"2018-04-28 06:00:00",0,2097,13,10977,794
375,"2018-04-27 23:00:00",0,1747,36,11005,305
381,"2018-04-28 05:00:00",0,892,12,10782,861
379,"2018-04-28 03:00:00",0,1231,29,10272,352
384,"2018-04-28 08:00:00",0,870,9,6690,692
394,"2018-04-28 18:00:00",0,1123,12,11862,972
387,"2018-04-28 11:00:00",0,862,12,8706,721
386,"2018-04-28 10:00:00",0,5005,16,14951,880
389,"2018-04-28 13:00:00",0,6851,40,30938,768
391,"2018-04-28 15:00:00",0,905,12,12237,944
395,"2018-04-28 19:00:00",0,1413,10,10689,1006
393,"2018-04-28 17:00:00",0,891,9,14350,1521
396,"2018-04-28 20:00:00",0,876,10,7846,741
399,"2018-04-28 23:00:00",0,861,37,10477,278
397,"2018-04-28 21:00:00",0,13509,31,22444,720
398,"2018-04-28 22:00:00",0,874,29,10406,353
400,"2018-04-29 00:00:00",0,884,45,10115,222
402,"2018-04-29 02:00:00",0,861,50,8306,163
401,"2018-04-29 01:00:00",0,870,43,7955,181
403,"2018-04-29 03:00:00",0,873,44,7957,178
404,"2018-04-29 04:00:00",0,19058,74,28845,385
410,"2018-04-29 10:00:00",0,19143,36,29173,791
427,"2018-04-30 03:00:00",0,872,13,9621,708
423,"2018-04-29 23:00:00",0,889,7,9265,1320
444,"2018-04-30 20:00:00",0,864,6,9771,1604
414,"2018-04-29 14:00:00",0,890,8,10577,1232
406,"2018-04-29 06:00:00",0,82435,111,94867,849
433,"2018-04-30 09:00:00",0,1795,13,15925,1201
421,"2018-04-29 21:00:00",0,871,8,9579,1131
411,"2018-04-29 11:00:00",0,876,12,8983,719
419,"2018-04-29 19:00:00",0,862,6,10292,1507
407,"2018-04-29 07:00:00",0,1992,11,11510,968
445,"2018-04-30 21:00:00",0,1267,16,10797,661
429,"2018-04-30 05:00:00",0,2811,9,13110,1413
417,"2018-04-29 17:00:00",0,881,9,10041,1101
425,"2018-04-30 01:00:00",0,945,18,10230,562
424,"2018-04-30 00:00:00",0,870,13,9135,686
412,"2018-04-29 12:00:00",0,870,12,10651,885
432,"2018-04-30 08:00:00",0,5005,23,21734,929
415,"2018-04-29 15:00:00",0,1227,9,12978,1342
408,"2018-04-29 08:00:00",0,860,9,10310,1075
446,"2018-04-30 22:00:00",0,881,21,9508,447
426,"2018-04-30 02:00:00",0,2757,21,12653,579
439,"2018-04-30 15:00:00",0,8124,15,23320,1492
438,"2018-04-30 14:00:00",0,912,8,8876,1106
437,"2018-04-30 13:00:00",0,875,9,9870,1082
422,"2018-04-29 22:00:00",0,873,7,10695,1372
428,"2018-04-30 04:00:00",0,78985,112,90741,808
409,"2018-04-29 09:00:00",0,14976,48,39494,807
413,"2018-04-29 13:00:00",0,874,11,7977,665
420,"2018-04-29 20:00:00",0,1692,7,10212,1334
440,"2018-04-30 16:00:00",0,893,8,9685,1178
418,"2018-04-29 18:00:00",0,909,7,9671,1336
436,"2018-04-30 12:00:00",0,877,9,11095,1216
405,"2018-04-29 05:00:00",0,2069,29,15605,537
431,"2018-04-30 07:00:00",0,878,10,10297,964
416,"2018-04-29 16:00:00",0,5110,10,14990,1365
441,"2018-04-30 17:00:00",0,2013,5,13407,2392
435,"2018-04-30 11:00:00",0,917,19,13449,705
442,"2018-04-30 18:00:00",0,872,6,11090,1699
447,"2018-04-30 23:00:00",0,11996,44,22180,503
430,"2018-04-30 06:00:00",0,907,5,9691,1726
434,"2018-04-30 10:00:00",0,2077,15,16669,1057
443,"2018-04-30 19:00:00",0,10288,15,23987,1569
473,"2018-05-02 01:00:00",0,858,10,8363,832
462,"2018-05-01 14:00:00",0,907,6,9349,1402
450,"2018-05-01 02:00:00",0,909,41,11445,276
487,"2018-05-03 05:00:00",0,874,6,12321,1794
520,"2018-05-04 14:00:00",0,886,10,11495,1102
448,"2018-05-01 00:00:00",0,880,26,9963,373
454,"2018-05-01 06:00:00",0,872,9,9648,1070
458,"2018-05-01 10:00:00",0,1630,7,10723,1434
468,"2018-05-01 20:00:00",0,2080,8,12279,1401
474,"2018-05-02 02:00:00",0,896,12,10416,839
505,"2018-05-03 23:00:00",0,930,6,12723,1884
497,"2018-05-03 15:00:00",0,884,7,9085,1153
469,"2018-05-01 21:00:00",0,887,8,10263,1204
463,"2018-05-01 15:00:00",0,7761,17,28011,1581
459,"2018-05-01 11:00:00",0,4400,10,17891,1727
455,"2018-05-01 07:00:00",0,1086,6,10928,1630
451,"2018-05-01 03:00:00",0,1400,60,17271,285
491,"2018-05-03 09:00:00",0,895,7,12833,1787
475,"2018-05-02 03:00:00",0,905,10,8448,791
510,"2018-05-04 04:00:00",0,21696,36,39681,1102
470,"2018-05-01 22:00:00",0,872,7,8184,1122
449,"2018-05-01 01:00:00",0,5300,46,15575,336
507,"2018-05-04 01:00:00",0,4328,21,16641,792
464,"2018-05-01 16:00:00",0,6909,14,20850,1458
460,"2018-05-01 12:00:00",0,1953,7,17841,2378
456,"2018-05-01 08:00:00",0,22912,31,51602,1613
452,"2018-05-01 04:00:00",0,2909,59,13465,226
453,"2018-05-01 05:00:00",0,2014,16,12531,760
488,"2018-05-03 06:00:00",0,946,5,12074,2400
479,"2018-05-02 07:00:00",0,1215,7,10795,1392
476,"2018-05-02 04:00:00",0,906,10,11141,1113
471,"2018-05-01 23:00:00",0,7487,16,15881,977
511,"2018-05-04 05:00:00",0,77062,35,88528,2522
465,"2018-05-01 17:00:00",0,38175,46,101183,2170
457,"2018-05-01 09:00:00",0,31187,36,63951,1751
461,"2018-05-01 13:00:00",0,860,3,8396,2288
539,"2018-05-05 09:00:00",0,12839,17,24026,1385
480,"2018-05-02 08:00:00",0,877,5,8959,1514
477,"2018-05-02 05:00:00",0,867,5,10757,1959
521,"2018-05-04 15:00:00",0,15937,50,35189,696
472,"2018-05-02 00:00:00",0,1398,15,11425,728
466,"2018-05-01 18:00:00",0,871,4,8727,1832
506,"2018-05-04 00:00:00",0,1120,11,10808,909
478,"2018-05-02 06:00:00",0,1685,4,10463,2165
494,"2018-05-03 12:00:00",0,870,8,13522,1628
519,"2018-05-04 13:00:00",0,1721,10,11108,1103
467,"2018-05-01 19:00:00",0,1091,5,12842,2440
512,"2018-05-04 06:00:00",0,13014,7,17423,2406
496,"2018-05-03 14:00:00",0,2077,12,13125,1076
489,"2018-05-03 07:00:00",0,959,7,16761,2254
509,"2018-05-04 03:00:00",0,6603,17,17981,1035
501,"2018-05-03 19:00:00",0,926,10,13886,1281
492,"2018-05-03 10:00:00",0,1086,5,10259,1862
502,"2018-05-03 20:00:00",0,982,8,9011,1088
500,"2018-05-03 18:00:00",0,5286,8,15087,1687
503,"2018-05-03 21:00:00",0,12194,20,23482,1142
482,"2018-05-03 00:00:00",0,893,12,8617,694
486,"2018-05-03 04:00:00",0,879,17,11902,693
485,"2018-05-03 03:00:00",0,53419,142,84552,595
484,"2018-05-03 02:00:00",0,870,12,9210,712
481,"2018-05-02 09:00:00",0,858,5,5297,925
483,"2018-05-03 01:00:00",0,968,10,9741,895
499,"2018-05-03 17:00:00",0,1013,7,13969,1822
490,"2018-05-03 08:00:00",0,1933,6,11755,1681
527,"2018-05-04 21:00:00",0,1760,22,11277,493
538,"2018-05-05 08:00:00",0,2104,13,14475,1108
498,"2018-05-03 16:00:00",0,893,6,9261,1452
495,"2018-05-03 13:00:00",0,1684,10,10249,954
526,"2018-05-04 20:00:00",0,964,10,10397,980
504,"2018-05-03 22:00:00",0,948,9,10720,1100
493,"2018-05-03 11:00:00",0,863,5,9901,1836
516,"2018-05-04 10:00:00",0,24612,25,40248,1609
508,"2018-05-04 02:00:00",0,964,13,13283,961
513,"2018-05-04 07:00:00",0,5751,5,12322,2230
515,"2018-05-04 09:00:00",0,22718,46,63321,1370
529,"2018-05-04 23:00:00",0,1727,50,12485,246
525,"2018-05-04 19:00:00",0,3588,13,14326,1085
522,"2018-05-04 16:00:00",0,46553,73,74277,1006
517,"2018-05-04 11:00:00",0,8951,19,30466,1531
518,"2018-05-04 12:00:00",0,27321,65,42827,657
523,"2018-05-04 17:00:00",0,21145,22,31405,1422
514,"2018-05-04 08:00:00",0,6441,10,19435,1769
535,"2018-05-05 05:00:00",0,98024,381,209115,548
524,"2018-05-04 18:00:00",0,18476,23,36869,1593
533,"2018-05-05 03:00:00",0,8126,112,25458,227
534,"2018-05-05 04:00:00",0,883,25,10150,403
530,"2018-05-05 00:00:00",0,1722,33,11252,336
528,"2018-05-04 22:00:00",0,886,37,12299,325
531,"2018-05-05 01:00:00",0,1283,35,11048,315
532,"2018-05-05 02:00:00",0,13667,123,28515,231
537,"2018-05-05 07:00:00",0,30145,42,41718,979
536,"2018-05-05 06:00:00",0,42056,55,53136,953
540,"2018-05-05 10:00:00",0,111464,122,143324,1166
543,"2018-05-05 13:00:00",0,1233,13,18077,1352
541,"2018-05-05 11:00:00",0,21975,45,50749,1118
542,"2018-05-05 12:00:00",0,1478,10,11082,1064
545,"2018-05-05 15:00:00",0,5095,12,19683,1581
544,"2018-05-05 14:00:00",0,39842,81,85273,1049
547,"2018-05-05 17:00:00",0,1843,9,12870,1320
546,"2018-05-05 16:00:00",0,1153,9,15239,1551
548,"2018-05-05 18:00:00",0,985,10,12837,1245
552,"2018-05-05 22:00:00",0,13390,39,24241,608
577,"2018-05-06 23:00:00",0,19406,164,45136,274
587,"2018-05-07 09:00:00",0,16032,21,20780,986
633,"2018-05-09 07:00:00",0,9129,9,21644,2192
561,"2018-05-06 07:00:00",0,874,14,12750,896
632,"2018-05-09 06:00:00",0,35712,75,140597,1854
589,"2018-05-07 11:00:00",0,866,7,6683,884
588,"2018-05-07 10:00:00",0,861,3,3109,873
597,"2018-05-07 19:00:00",0,1089,8,11273,1403
557,"2018-05-06 03:00:00",0,17502,70,40180,570
550,"2018-05-05 20:00:00",0,921,12,10916,899
621,"2018-05-08 19:00:00",0,4531,6,12474,1871
563,"2018-05-06 09:00:00",0,2868,13,11247,811
572,"2018-05-06 18:00:00",0,3623,10,25595,2430
618,"2018-05-08 16:00:00",0,6227,10,16583,1510
602,"2018-05-08 00:00:00",0,866,32,11433,354
590,"2018-05-07 12:00:00",0,914,5,4716,857
555,"2018-05-06 01:00:00",0,907,24,13612,549
565,"2018-05-06 11:00:00",0,939,8,13265,1630
605,"2018-05-08 03:00:00",0,1841,28,11873,424
567,"2018-05-06 13:00:00",0,1691,11,13622,1165
620,"2018-05-08 18:00:00",0,870,5,8389,1662
551,"2018-05-05 21:00:00",0,922,20,10455,498
549,"2018-05-05 19:00:00",0,1755,12,14158,1152
569,"2018-05-06 15:00:00",0,5250,14,16963,1140
553,"2018-05-05 23:00:00",0,5880,24,16977,692
558,"2018-05-06 04:00:00",0,883,14,10872,727
608,"2018-05-08 06:00:00",0,874,8,9740,1121
560,"2018-05-06 06:00:00",0,902,8,10529,1309
599,"2018-05-07 21:00:00",0,866,11,7367,623
580,"2018-05-07 02:00:00",0,1714,14,10650,747
574,"2018-05-06 20:00:00",0,929,13,10718,768
591,"2018-05-07 13:00:00",0,3310,14,13863,979
627,"2018-05-09 01:00:00",0,4532,20,14765,724
594,"2018-05-07 16:00:00",0,16532,27,35320,1278
562,"2018-05-06 08:00:00",0,1077,13,12126,887
556,"2018-05-06 02:00:00",0,1932,22,14469,639
571,"2018-05-06 17:00:00",0,2322,12,13970,1125
578,"2018-05-07 00:00:00",0,2986,19,13329,668
615,"2018-05-08 13:00:00",0,885,5,10887,1899
596,"2018-05-07 18:00:00",0,3857,6,10388,1714
564,"2018-05-06 10:00:00",0,1259,10,14073,1282
554,"2018-05-06 00:00:00",0,873,14,10510,706
606,"2018-05-08 04:00:00",0,883,19,13590,697
559,"2018-05-06 05:00:00",0,895,13,12157,921
601,"2018-05-07 23:00:00",0,881,29,10856,372
579,"2018-05-07 01:00:00",0,977,18,14047,741
622,"2018-05-08 20:00:00",0,880,6,10222,1461
592,"2018-05-07 14:00:00",0,1714,7,10312,1368
568,"2018-05-06 14:00:00",0,5334,26,17495,660
566,"2018-05-06 12:00:00",0,1283,8,11627,1359
583,"2018-05-07 05:00:00",0,2819,6,12902,1850
582,"2018-05-07 04:00:00",0,978,12,12706,1023
575,"2018-05-06 21:00:00",0,10025,32,19520,608
573,"2018-05-06 19:00:00",0,2597,7,13488,1690
612,"2018-05-08 10:00:00",0,93529,66,113822,1721
584,"2018-05-07 06:00:00",0,4435,7,16985,2140
611,"2018-05-08 09:00:00",0,5609,11,20354,1807
570,"2018-05-06 16:00:00",0,6977,17,24303,1367
585,"2018-05-07 07:00:00",0,871,5,9430,1613
581,"2018-05-07 03:00:00",0,900,16,10368,621
576,"2018-05-06 22:00:00",0,867,28,9907,350
598,"2018-05-07 20:00:00",0,98412,146,138267,941
586,"2018-05-07 08:00:00",0,869,6,11133,1641
619,"2018-05-08 17:00:00",0,876,8,10171,1229
610,"2018-05-08 08:00:00",0,3860,11,22510,2040
600,"2018-05-07 22:00:00",0,934,21,10473,488
595,"2018-05-07 17:00:00",0,2587,8,15230,1700
607,"2018-05-08 05:00:00",0,940,10,10118,974
593,"2018-05-07 15:00:00",0,872,8,10315,1201
613,"2018-05-08 11:00:00",0,20747,21,33244,1550
629,"2018-05-09 03:00:00",0,926,15,10054,653
603,"2018-05-08 01:00:00",0,870,24,9503,382
609,"2018-05-08 07:00:00",0,868,8,10920,1272
604,"2018-05-08 02:00:00",0,889,29,12039,405
639,"2018-05-09 13:00:00",0,55929,82,62155,754
634,"2018-05-09 08:00:00",0,911,3,6416,1699
624,"2018-05-08 22:00:00",0,881,11,9702,861
617,"2018-05-08 15:00:00",0,1722,7,12885,1785
614,"2018-05-08 12:00:00",0,17299,20,26768,1329
626,"2018-05-09 00:00:00",0,883,10,8712,798
616,"2018-05-08 14:00:00",0,4680,8,15365,1728
623,"2018-05-08 21:00:00",0,1402,7,10352,1344
628,"2018-05-09 02:00:00",0,873,12,9893,790
635,"2018-05-09 09:00:00",0,2174,7,10418,1445
625,"2018-05-08 23:00:00",0,1826,10,10575,1017
637,"2018-05-09 11:00:00",0,738,3,4793,1364
630,"2018-05-09 04:00:00",0,856,9,9040,983
631,"2018-05-09 05:00:00",0,83066,48,91086,1875
638,"2018-05-09 12:00:00",0,426,4,4297,956
636,"2018-05-09 10:00:00",0,11473,9,15929,1618
640,"2018-05-09 14:00:00",0,497,7,5381,713
642,"2018-05-09 16:00:00",0,1465,6,9721,1618
641,"2018-05-09 15:00:00",0,70492,54,75708,1382
645,"2018-05-09 19:00:00",0,13055,15,34237,2217
643,"2018-05-09 17:00:00",0,9335,17,37213,2142
644,"2018-05-09 18:00:00",0,45619,28,65267,2251
646,"2018-05-09 20:00:00",0,9577,11,22193,1972
648,"2018-05-09 22:00:00",0,212057,245,332669,1354
647,"2018-05-09 21:00:00",0,17919,19,25453,1276
649,"2018-05-09 23:00:00",0,68073,114,116314,1015
706,"2018-05-12 08:00:00",0,372,2,3190,1110
662,"2018-05-10 12:00:00",0,373,3,4712,1351
729,"2018-05-13 07:00:00",0,3490,7,12747,1652
716,"2018-05-12 18:00:00",0,368,3,3084,966
657,"2018-05-10 07:00:00",0,1743,5,9894,1898
654,"2018-05-10 04:00:00",0,380,4,4109,981
695,"2018-05-11 21:00:00",0,368,3,3716,1106
739,"2018-05-13 17:00:00",0,19056,30,21915,709
707,"2018-05-12 09:00:00",0,1692,6,6441,990
677,"2018-05-11 03:00:00",0,28437,38,45031,1185
686,"2018-05-11 12:00:00",0,2942,4,6175,1459
660,"2018-05-10 10:00:00",0,3610,7,10322,1360
692,"2018-05-11 18:00:00",0,462,3,3708,1182
651,"2018-05-10 01:00:00",0,53339,105,92722,882
650,"2018-05-10 00:00:00",0,5001,11,9395,783
665,"2018-05-10 15:00:00",0,1488,5,9502,1843
672,"2018-05-10 22:00:00",0,373,5,4798,872
663,"2018-05-10 13:00:00",0,3086,18,11348,598
667,"2018-05-10 17:00:00",0,1575,3,8338,2112
711,"2018-05-12 13:00:00",0,372,4,3248,772
687,"2018-05-11 13:00:00",0,5290,9,11921,1251
685,"2018-05-11 11:00:00",0,914,5,6716,1229
684,"2018-05-11 10:00:00",0,2131,2,7990,2690
655,"2018-05-10 05:00:00",0,699,3,6774,2123
658,"2018-05-10 08:00:00",0,737,4,5657,1283
683,"2018-05-11 09:00:00",0,6759,4,11807,2382
652,"2018-05-10 02:00:00",0,377,5,4674,783
669,"2018-05-10 19:00:00",0,3958,5,14358,2433
676,"2018-05-11 02:00:00",0,1097,3,5632,1520
735,"2018-05-13 13:00:00",0,1026,2,2785,1347
722,"2018-05-13 00:00:00",0,691,15,5465,357
721,"2018-05-12 23:00:00",0,698,12,5586,439
682,"2018-05-11 08:00:00",0,192365,76,199473,2598
700,"2018-05-12 02:00:00",0,11424,15,17006,1063
698,"2018-05-12 00:00:00",0,855,4,4194,989
681,"2018-05-11 07:00:00",0,489,2,6306,2595
661,"2018-05-10 11:00:00",0,1370,4,7452,1561
674,"2018-05-11 00:00:00",0,408,4,4910,1175
671,"2018-05-10 21:00:00",0,415,5,6121,1113
688,"2018-05-11 14:00:00",0,2167,5,8178,1514
656,"2018-05-10 06:00:00",0,3312,4,10365,2416
708,"2018-05-12 10:00:00",0,393,2,3423,1221
664,"2018-05-10 14:00:00",0,405,4,4330,937
653,"2018-05-10 03:00:00",0,2386,8,7644,889
680,"2018-05-11 06:00:00",0,1073,2,5652,2550
666,"2018-05-10 16:00:00",0,373,2,5859,2009
659,"2018-05-10 09:00:00",0,437,3,4778,1320
675,"2018-05-11 01:00:00",0,3479,6,10723,1623
727,"2018-05-13 05:00:00",0,378,7,5031,692
696,"2018-05-11 22:00:00",0,932,7,8768,1171
668,"2018-05-10 18:00:00",0,15601,9,22233,2332
689,"2018-05-11 15:00:00",0,50584,27,57858,2104
679,"2018-05-11 05:00:00",0,463,2,7351,2680
693,"2018-05-11 19:00:00",0,4740,9,13240,1471
713,"2018-05-12 15:00:00",0,877,4,7440,1550
673,"2018-05-10 23:00:00",0,1558,6,7138,1132
712,"2018-05-12 14:00:00",0,372,2,1809,776
699,"2018-05-12 01:00:00",0,63963,61,68614,1107
670,"2018-05-10 20:00:00",0,4423,4,10436,2108
709,"2018-05-12 11:00:00",0,368,3,2750,733
678,"2018-05-11 04:00:00",0,2580,7,12331,1563
690,"2018-05-11 16:00:00",0,1540,5,10070,1972
719,"2018-05-12 21:00:00",0,368,5,2759,521
718,"2018-05-12 20:00:00",0,614,5,3569,667
694,"2018-05-11 20:00:00",0,1352,5,7543,1375
714,"2018-05-12 16:00:00",0,402,2,3191,1510
702,"2018-05-12 04:00:00",0,10701,14,16747,1147
703,"2018-05-12 05:00:00",0,847,3,5273,1433
697,"2018-05-11 23:00:00",0,1759,7,7690,1002
691,"2018-05-11 17:00:00",0,3427,4,8214,1710
704,"2018-05-12 06:00:00",0,733,4,6129,1364
701,"2018-05-12 03:00:00",0,7978,13,10841,830
734,"2018-05-13 12:00:00",0,366,1,1750,1232
705,"2018-05-12 07:00:00",0,372,3,4492,1392
710,"2018-05-12 12:00:00",0,400,3,2499,684
732,"2018-05-13 10:00:00",0,15358,19,19965,1001
730,"2018-05-13 08:00:00",0,6570,7,9565,1281
723,"2018-05-13 01:00:00",0,2738,90,138135,1528
715,"2018-05-12 17:00:00",0,535,6,7618,1160
726,"2018-05-13 04:00:00",0,415,7,3918,501
724,"2018-05-13 02:00:00",0,583,26,6291,240
720,"2018-05-12 22:00:00",0,527,10,6052,594
717,"2018-05-12 19:00:00",0,373,3,2925,860
725,"2018-05-13 03:00:00",0,1587,15,4307,282
728,"2018-05-13 06:00:00",0,850,5,5332,1054
737,"2018-05-13 15:00:00",0,371,4,3089,623
736,"2018-05-13 14:00:00",0,367,4,1893,395
731,"2018-05-13 09:00:00",0,445,4,3437,730
733,"2018-05-13 11:00:00",0,378,4,3912,882
738,"2018-05-13 16:00:00",0,803,7,3468,486
740,"2018-05-13 18:00:00",0,453,3,3238,867
741,"2018-05-13 19:00:00",0,372,0,924,979
742,"2018-05-13 20:00:00",0,408,2,2978,1084
745,"2018-05-13 23:00:00",0,451,5,3721,626
743,"2018-05-13 21:00:00",0,368,2,2046,846
744,"2018-05-13 22:00:00",0,425,4,2463,520
747,"2018-05-14 01:00:00",0,440,8,4908,561
746,"2018-05-14 00:00:00",0,589,15,7808,493
749,"2018-05-14 03:00:00",0,485,6,4081,604
748,"2018-05-14 02:00:00",0,20688,60,28911,478
750,"2018-05-14 04:00:00",0,641,10,4830,465
810,"2018-05-16 16:00:00",0,2897,4,8484,2107
799,"2018-05-16 05:00:00",0,898,6,10193,1606
770,"2018-05-15 00:00:00",0,384,8,6690,801
766,"2018-05-14 20:00:00",0,19692,19,28269,1431
759,"2018-05-14 13:00:00",0,1089,6,5045,723
768,"2018-05-14 22:00:00",0,368,4,4255,914
764,"2018-05-14 18:00:00",0,724,3,4935,1364
751,"2018-05-14 05:00:00",0,1151,6,6360,983
797,"2018-05-16 03:00:00",0,852,15,8106,524
772,"2018-05-15 02:00:00",0,10475,20,16094,786
756,"2018-05-14 10:00:00",0,368,2,2616,1300
792,"2018-05-15 22:00:00",0,372,3,4279,1161
752,"2018-05-14 06:00:00",0,505,5,3509,673
762,"2018-05-14 16:00:00",0,368,2,4752,1628
778,"2018-05-15 08:00:00",0,8913,16,13293,800
808,"2018-05-16 14:00:00",0,534,5,9688,1702
786,"2018-05-15 16:00:00",0,505,2,3973,1612
785,"2018-05-15 15:00:00",0,787,6,6301,1012
774,"2018-05-15 04:00:00",0,402,4,3889,939
839,"2018-05-17 21:00:00",0,975,9,11247,1241
820,"2018-05-17 02:00:00",0,868,10,10284,957
784,"2018-05-15 14:00:00",0,368,3,4385,1366
753,"2018-05-14 07:00:00",0,425,2,3187,1259
783,"2018-05-15 13:00:00",0,4432,8,9897,1112
760,"2018-05-14 14:00:00",0,403,2,3863,1385
787,"2018-05-15 17:00:00",0,394,2,4248,1872
757,"2018-05-14 11:00:00",0,372,3,4356,1397
795,"2018-05-16 01:00:00",0,548,9,6055,660
777,"2018-05-15 07:00:00",0,375,3,4147,1066
833,"2018-05-17 15:00:00",0,1514,6,11913,1868
832,"2018-05-17 14:00:00",0,2830,13,18074,1386
782,"2018-05-15 12:00:00",0,570,1,1590,959
769,"2018-05-14 23:00:00",0,524,11,7575,658
765,"2018-05-14 19:00:00",0,525,5,8720,1499
825,"2018-05-17 07:00:00",0,10374,11,21905,1896
767,"2018-05-14 21:00:00",0,369,3,4238,1078
763,"2018-05-14 17:00:00",0,934,2,5154,1973
754,"2018-05-14 08:00:00",0,75902,68,80773,1172
788,"2018-05-15 18:00:00",0,7264,12,24023,1979
771,"2018-05-15 01:00:00",0,369,5,4297,730
822,"2018-05-17 04:00:00",0,5005,13,16266,1189
793,"2018-05-15 23:00:00",0,860,7,6793,882
814,"2018-05-16 20:00:00",0,4503,8,16497,1869
781,"2018-05-15 11:00:00",0,368,1,1972,1317
773,"2018-05-15 03:00:00",0,5005,16,10386,642
761,"2018-05-14 15:00:00",0,539,2,3533,1193
758,"2018-05-14 12:00:00",0,450,4,6915,1450
803,"2018-05-16 09:00:00",0,817,3,8132,2387
776,"2018-05-15 06:00:00",0,406,2,4201,2074
804,"2018-05-16 10:00:00",0,373,3,5439,1574
802,"2018-05-16 08:00:00",0,5434,11,20447,1811
755,"2018-05-14 09:00:00",0,542,3,3959,1298
789,"2018-05-15 19:00:00",0,13490,17,32078,1791
780,"2018-05-15 10:00:00",0,469,2,2624,1269
813,"2018-05-16 19:00:00",0,73887,31,85508,2695
798,"2018-05-16 04:00:00",0,484,8,5621,698
805,"2018-05-16 11:00:00",0,8713,11,19756,1761
794,"2018-05-16 00:00:00",0,372,6,4734,721
790,"2018-05-15 20:00:00",0,4047,6,9582,1380
775,"2018-05-15 05:00:00",0,1077,4,5041,1204
801,"2018-05-16 07:00:00",0,911,5,9499,1732
779,"2018-05-15 09:00:00",0,624,3,4386,1112
796,"2018-05-16 02:00:00",0,369,5,4762,831
823,"2018-05-17 05:00:00",0,893,6,14899,2367
812,"2018-05-16 18:00:00",0,3050,3,9805,2744
791,"2018-05-15 21:00:00",0,2237,8,7521,911
806,"2018-05-16 12:00:00",0,375,4,4668,1072
800,"2018-05-16 06:00:00",0,874,4,9385,1934
809,"2018-05-16 15:00:00",0,7945,6,14059,2129
815,"2018-05-16 21:00:00",0,102942,90,123194,1357
829,"2018-05-17 11:00:00",0,870,6,9393,1478
807,"2018-05-16 13:00:00",0,1584,9,10129,1094
821,"2018-05-17 03:00:00",0,873,9,10163,1027
811,"2018-05-16 17:00:00",0,8196,6,17752,2584
818,"2018-05-17 00:00:00",0,1118,11,10651,962
816,"2018-05-16 22:00:00",0,2735,11,12378,1050
826,"2018-05-17 08:00:00",0,29234,21,42287,1940
827,"2018-05-17 09:00:00",0,868,6,9212,1366
824,"2018-05-17 06:00:00",0,2999,5,13393,2502
819,"2018-05-17 01:00:00",0,884,11,11043,958
817,"2018-05-16 23:00:00",0,871,10,11604,1074
831,"2018-05-17 13:00:00",0,882,12,12225,991
830,"2018-05-17 12:00:00",0,2140,7,11067,1388
834,"2018-05-17 16:00:00",0,32288,61,85147,1395
835,"2018-05-17 17:00:00",0,976,6,8569,1410
828,"2018-05-17 10:00:00",0,864,7,10897,1423
840,"2018-05-17 22:00:00",0,1146,15,10034,661
836,"2018-05-17 18:00:00",0,1004,6,10039,1561
837,"2018-05-17 19:00:00",0,31295,35,42440,1208
838,"2018-05-17 20:00:00",0,3732,10,15042,1462
842,"2018-05-18 00:00:00",0,62561,163,81083,496
841,"2018-05-17 23:00:00",0,887,40,15557,380
844,"2018-05-18 02:00:00",0,977,19,10767,543
843,"2018-05-18 01:00:00",0,2464,28,12901,447
845,"2018-05-18 03:00:00",0,858,34,11049,321
846,"2018-05-18 04:00:00",0,994,10,10535,968
849,"2018-05-18 07:00:00",0,975,7,12851,1826
847,"2018-05-18 05:00:00",0,992,14,13529,955
848,"2018-05-18 06:00:00",0,975,6,12452,1957
850,"2018-05-18 08:00:00",0,876,7,12435,1630
851,"2018-05-18 09:00:00",0,866,5,9767,1727
927,"2018-05-21 13:00:00",0,872,7,12926,1843
898,"2018-05-20 08:00:00",0,90974,92,192715,2078
891,"2018-05-20 01:00:00",0,1320,20,12063,583
879,"2018-05-19 13:00:00",0,981,7,11133,1485
855,"2018-05-18 13:00:00",0,10736,14,23305,1600
861,"2018-05-18 19:00:00",0,13603,38,36600,944
864,"2018-05-18 22:00:00",0,988,22,11874,535
873,"2018-05-19 07:00:00",0,2918,14,19584,1382
920,"2018-05-21 06:00:00",0,895,5,11661,2188
917,"2018-05-21 03:00:00",0,855,10,9992,931
896,"2018-05-20 06:00:00",0,2955,20,16377,802
852,"2018-05-18 10:00:00",0,5569,10,18918,1759
892,"2018-05-20 02:00:00",0,894,20,13381,658
914,"2018-05-21 00:00:00",0,867,8,8770,998
886,"2018-05-19 20:00:00",0,978,8,13832,1650
885,"2018-05-19 19:00:00",0,1844,6,13558,1943
875,"2018-05-19 09:00:00",0,25390,46,42124,897
867,"2018-05-19 01:00:00",0,4525,66,15819,237
859,"2018-05-18 17:00:00",0,1179,6,15088,2218
884,"2018-05-19 18:00:00",0,975,12,13891,1074
856,"2018-05-18 14:00:00",0,13049,27,36705,1329
878,"2018-05-19 12:00:00",0,1062,12,11313,912
887,"2018-05-19 21:00:00",0,977,8,10545,1222
870,"2018-05-19 04:00:00",0,112129,478,220884,462
862,"2018-05-18 20:00:00",0,858,8,8583,957
853,"2018-05-18 11:00:00",0,990,7,14215,1869
900,"2018-05-20 10:00:00",0,1135,13,18913,1377
865,"2018-05-18 23:00:00",0,975,32,10573,328
883,"2018-05-19 17:00:00",0,2692,9,14759,1583
888,"2018-05-19 22:00:00",0,1287,12,15213,1174
872,"2018-05-19 06:00:00",0,3379,14,13846,961
919,"2018-05-21 05:00:00",0,2027,8,16869,1944
911,"2018-05-20 21:00:00",0,1828,10,15104,1468
909,"2018-05-20 19:00:00",0,3914,6,20719,3437
882,"2018-05-19 16:00:00",0,26547,41,63410,1521
857,"2018-05-18 15:00:00",0,2569,14,19351,1303
868,"2018-05-19 02:00:00",0,977,37,10476,278
889,"2018-05-19 23:00:00",0,1621,18,15675,864
860,"2018-05-18 18:00:00",0,21297,43,54402,1265
854,"2018-05-18 12:00:00",0,6509,12,21974,1714
877,"2018-05-19 11:00:00",0,3257,24,16169,672
874,"2018-05-19 08:00:00",0,5005,30,16111,537
933,"2018-05-21 19:00:00",0,869,5,11011,2027
890,"2018-05-20 00:00:00",0,1211,14,11387,809
863,"2018-05-18 21:00:00",0,974,18,12856,700
930,"2018-05-21 16:00:00",0,5785,11,22302,1864
881,"2018-05-19 15:00:00",0,6042,12,21136,1678
866,"2018-05-19 00:00:00",0,979,52,11805,226
913,"2018-05-20 23:00:00",0,9150,56,51901,921
893,"2018-05-20 03:00:00",0,884,18,14576,786
904,"2018-05-20 14:00:00",0,5155,19,23061,1162
905,"2018-05-20 15:00:00",0,1378,14,22531,1565
897,"2018-05-20 07:00:00",0,7486,14,24971,1746
858,"2018-05-18 16:00:00",0,985,5,10746,1895
871,"2018-05-19 05:00:00",0,898,18,12312,678
903,"2018-05-20 13:00:00",0,93838,80,107812,1337
869,"2018-05-19 03:00:00",0,856,44,11339,256
894,"2018-05-20 04:00:00",0,6240,34,23523,673
880,"2018-05-19 14:00:00",0,974,5,9183,1531
876,"2018-05-19 10:00:00",0,2432,15,14478,908
899,"2018-05-20 09:00:00",0,856,10,23100,2239
921,"2018-05-21 07:00:00",0,12259,16,29456,1777
906,"2018-05-20 16:00:00",0,29035,25,44234,1750
895,"2018-05-20 05:00:00",0,887,18,10872,604
902,"2018-05-20 12:00:00",0,1116,9,18435,1952
934,"2018-05-21 20:00:00",0,29555,24,41729,1729
932,"2018-05-21 18:00:00",0,2181,6,12917,2144
918,"2018-05-21 04:00:00",0,3501,10,19138,1795
907,"2018-05-20 17:00:00",0,27048,31,66661,2143
901,"2018-05-20 11:00:00",0,30605,27,55697,1991
923,"2018-05-21 09:00:00",0,1613,6,15407,2295
910,"2018-05-20 20:00:00",0,868,4,11149,2488
924,"2018-05-21 10:00:00",0,861,4,9906,2420
912,"2018-05-20 22:00:00",0,863,10,11466,1127
908,"2018-05-20 18:00:00",0,8665,11,26153,2373
925,"2018-05-21 11:00:00",0,1278,10,18585,1705
922,"2018-05-21 08:00:00",0,41458,26,51564,1926
916,"2018-05-21 02:00:00",0,867,8,8759,975
915,"2018-05-21 01:00:00",0,4053,23,25888,1080
931,"2018-05-21 17:00:00",0,4781,13,25591,1917
929,"2018-05-21 15:00:00",0,871,7,11647,1589
928,"2018-05-21 14:00:00",0,899,6,10874,1702
926,"2018-05-21 12:00:00",0,884,5,10307,1838
936,"2018-05-21 22:00:00",0,898,9,12911,1359
935,"2018-05-21 21:00:00",0,29305,30,40171,1320
939,"2018-05-22 01:00:00",0,887,10,13105,1227
937,"2018-05-21 23:00:00",0,891,8,10919,1301
941,"2018-05-22 03:00:00",0,887,18,10388,565
940,"2018-05-22 02:00:00",0,857,12,9001,736
938,"2018-05-22 00:00:00",0,866,12,11373,895
942,"2018-05-22 04:00:00",0,891,19,10362,542
943,"2018-05-22 05:00:00",0,1811,13,21324,1603
945,"2018-05-22 07:00:00",0,4659,12,19307,1491
944,"2018-05-22 06:00:00",0,889,5,9231,1682
946,"2018-05-22 08:00:00",0,866,8,11181,1261
947,"2018-05-22 09:00:00",0,7768,34,43966,1285
950,"2018-05-22 12:00:00",0,857,5,9025,1661
948,"2018-05-22 10:00:00",0,871,5,9017,1657
949,"2018-05-22 11:00:00",0,1053,7,10378,1369
951,"2018-05-22 13:00:00",0,2538,17,15371,898
952,"2018-05-22 20:00:00",0,856,6,2768,399
1009,"2018-05-25 05:00:00",0,39043,33,54784,1634
980,"2018-05-24 00:00:00",0,2336,9,13499,1366
969,"2018-05-23 13:00:00",0,19892,34,35367,1023
990,"2018-05-24 10:00:00",0,872,6,11927,1756
971,"2018-05-23 15:00:00",0,865,7,12183,1626
967,"2018-05-23 11:00:00",0,856,13,12587,934
1021,"2018-05-25 17:00:00",0,895,15,13716,878
999,"2018-05-24 19:00:00",0,3329,8,15723,1880
965,"2018-05-23 09:00:00",0,30497,20,40809,1972
953,"2018-05-22 21:00:00",0,1833,10,12135,1200
994,"2018-05-24 14:00:00",0,30350,24,42339,1744
960,"2018-05-23 04:00:00",0,1185,10,13364,1238
957,"2018-05-23 01:00:00",0,2581,18,13807,758
991,"2018-05-24 11:00:00",0,2555,5,11008,2119
976,"2018-05-23 20:00:00",0,2548,8,16494,1917
983,"2018-05-24 03:00:00",0,886,32,10589,329
973,"2018-05-23 17:00:00",0,29209,28,43915,1561
1040,"2018-05-28 19:00:00",0,977,8,15967,1910
963,"2018-05-23 07:00:00",0,893,4,10114,2194
979,"2018-05-23 23:00:00",0,905,10,13046,1284
954,"2018-05-22 22:00:00",0,892,14,13466,931
997,"2018-05-24 17:00:00",0,66920,53,95286,1772
1028,"2018-05-26 00:00:00",0,856,54,9831,179
1022,"2018-05-25 18:00:00",0,865,10,11558,1148
1016,"2018-05-25 12:00:00",0,18606,20,43634,2111
1012,"2018-05-25 08:00:00",0,866,3,9009,2484
1001,"2018-05-24 21:00:00",0,72433,74,147852,1982
1010,"2018-05-25 06:00:00",0,881,5,10889,2052
958,"2018-05-23 02:00:00",0,1005,10,11971,1185
995,"2018-05-24 15:00:00",0,869,4,10362,2237
970,"2018-05-23 14:00:00",0,856,12,14715,1151
961,"2018-05-23 05:00:00",0,856,4,9953,2112
975,"2018-05-23 19:00:00",0,9208,11,20512,1850
955,"2018-05-22 23:00:00",0,885,8,9596,1164
982,"2018-05-24 02:00:00",0,14954,61,45219,736
978,"2018-05-23 22:00:00",0,932,13,11700,879
968,"2018-05-23 12:00:00",0,857,7,10556,1425
966,"2018-05-23 10:00:00",0,3958,14,20230,1376
1024,"2018-05-25 20:00:00",0,857,7,9459,1334
1043,"2018-05-28 22:00:00",0,978,11,9157,800
964,"2018-05-23 08:00:00",0,894,5,10086,2015
972,"2018-05-23 16:00:00",0,21350,35,48581,1385
1015,"2018-05-25 11:00:00",0,12780,13,25792,1865
1029,"2018-05-26 01:00:00",0,894,59,12629,212
1026,"2018-05-25 22:00:00",0,1228,13,10200,757
959,"2018-05-23 03:00:00",0,17136,55,56192,1005
956,"2018-05-23 00:00:00",0,876,14,11757,828
1019,"2018-05-25 15:00:00",0,12751,23,26533,1131
998,"2018-05-24 18:00:00",0,14830,25,42826,1663
1004,"2018-05-25 00:00:00",0,1139,27,38164,1408
1018,"2018-05-25 14:00:00",0,43636,30,68591,2261
981,"2018-05-24 01:00:00",0,12627,44,54299,1216
1000,"2018-05-24 20:00:00",0,25643,30,60335,1979
962,"2018-05-23 06:00:00",0,856,4,9742,2323
974,"2018-05-23 18:00:00",0,49943,59,108223,1825
996,"2018-05-24 16:00:00",0,883,6,9506,1434
977,"2018-05-23 21:00:00",0,857,6,11592,1659
1014,"2018-05-25 10:00:00",0,61179,27,72578,2674
993,"2018-05-24 13:00:00",0,12085,24,22672,941
1007,"2018-05-25 03:00:00",0,14561,27,23211,840
986,"2018-05-24 06:00:00",0,888,4,9911,2038
987,"2018-05-24 07:00:00",0,1310,8,13918,1605
985,"2018-05-24 05:00:00",0,858,6,10270,1518
1006,"2018-05-25 02:00:00",0,903,13,10850,801
988,"2018-05-24 08:00:00",0,856,7,10624,1475
984,"2018-05-24 04:00:00",0,928,23,11152,484
1003,"2018-05-24 23:00:00",0,997,23,27531,1197
989,"2018-05-24 09:00:00",0,869,6,10301,1646
1005,"2018-05-25 01:00:00",0,68434,61,91570,1481
992,"2018-05-24 12:00:00",0,866,6,9648,1407
1008,"2018-05-25 04:00:00",0,4215,28,27047,963
1002,"2018-05-24 22:00:00",0,1035,15,20289,1332
1011,"2018-05-25 07:00:00",0,3084,5,15416,2585
1023,"2018-05-25 19:00:00",0,1313,8,12671,1409
1020,"2018-05-25 16:00:00",0,51636,50,58187,1156
1017,"2018-05-25 13:00:00",0,23673,43,96648,2247
1013,"2018-05-25 09:00:00",0,29150,16,40521,2392
1035,"2018-05-28 14:00:00",0,3501,10,14556,1353
1034,"2018-05-28 13:00:00",0,1005,9,13083,1329
1031,"2018-05-28 10:00:00",0,975,5,8156,1371
1030,"2018-05-26 02:00:00",0,857,23,1150,48
1027,"2018-05-25 23:00:00",0,18078,167,35919,214
1025,"2018-05-25 21:00:00",0,891,15,17777,1162
1033,"2018-05-28 12:00:00",0,978,6,11116,1749
1032,"2018-05-28 11:00:00",0,3100,6,13914,1993
1039,"2018-05-28 18:00:00",0,978,4,10501,2509
1037,"2018-05-28 16:00:00",0,980,6,9812,1439
1036,"2018-05-28 15:00:00",0,1111,8,11919,1397
1038,"2018-05-28 17:00:00",0,10017,18,24287,1340
1045,"2018-05-29 00:00:00",0,975,12,9982,785
1042,"2018-05-28 21:00:00",0,977,12,12102,1002
1041,"2018-05-28 20:00:00",0,920,8,13276,1485
1044,"2018-05-28 23:00:00",0,9366,28,30695,1072
1046,"2018-05-29 01:00:00",0,868,17,12158,706
1047,"2018-05-29 02:00:00",0,981,20,10963,540
1050,"2018-05-29 05:00:00",0,16368,22,39451,1766
1048,"2018-05-29 03:00:00",0,976,15,9785,631
1049,"2018-05-29 04:00:00",0,977,11,11314,1006
1053,"2018-05-29 08:00:00",0,1322,6,10892,1586
1051,"2018-05-29 06:00:00",0,1047,5,13828,2353
1052,"2018-05-29 07:00:00",0,3370,10,14848,1420
1081,"2018-05-30 12:00:00",0,5671,8,15711,1882
1060,"2018-05-29 15:00:00",0,29511,54,50616,925
1057,"2018-05-29 12:00:00",0,979,5,11630,2088
1072,"2018-05-30 03:00:00",0,989,17,11489,675
1063,"2018-05-29 18:00:00",0,15278,14,24440,1656
1077,"2018-05-30 08:00:00",0,979,5,9716,1712
1113,"2018-05-31 20:00:00",0,11595,13,28185,2025
1094,"2018-05-31 01:00:00",0,894,8,10096,1173
1074,"2018-05-30 05:00:00",0,15096,14,25610,1784
1054,"2018-05-29 09:00:00",0,979,6,10015,1480
1103,"2018-05-31 10:00:00",0,894,4,10541,2206
1087,"2018-05-30 18:00:00",0,977,6,12797,2045
1066,"2018-05-29 21:00:00",0,977,10,10855,1006
1086,"2018-05-30 17:00:00",0,28605,20,38590,1906
1080,"2018-05-30 11:00:00",0,974,7,12065,1632
1070,"2018-05-30 01:00:00",0,978,19,11630,592
1069,"2018-05-30 00:00:00",0,977,17,12370,714
1058,"2018-05-29 13:00:00",0,977,7,11276,1505
1061,"2018-05-29 16:00:00",0,978,5,9477,1692
1088,"2018-05-30 19:00:00",0,1182,7,12798,1695
1085,"2018-05-30 16:00:00",0,3528,7,14795,1919
1089,"2018-05-30 20:00:00",0,6132,11,21937,1892
1055,"2018-05-29 10:00:00",0,977,6,12043,1743
1064,"2018-05-29 19:00:00",0,1495,7,11183,1553
1084,"2018-05-30 15:00:00",0,975,12,18664,1477
1076,"2018-05-30 07:00:00",0,975,4,10772,2260
1111,"2018-05-31 18:00:00",0,892,5,11128,2086
1090,"2018-05-30 21:00:00",0,5852,14,21781,1527
1100,"2018-05-31 07:00:00",0,1077,5,12896,2391
1079,"2018-05-30 10:00:00",0,977,7,14499,1950
1067,"2018-05-29 22:00:00",0,977,10,9017,828
1073,"2018-05-30 04:00:00",0,3666,22,17408,757
1059,"2018-05-29 14:00:00",0,31927,37,43450,1155
1095,"2018-05-31 02:00:00",0,877,10,9842,957
1062,"2018-05-29 17:00:00",0,975,5,11912,2136
1056,"2018-05-29 11:00:00",0,1055,9,16969,1833
1071,"2018-05-30 02:00:00",0,868,14,8849,616
1083,"2018-05-30 14:00:00",0,977,7,12116,1627
1091,"2018-05-30 22:00:00",0,6519,13,17231,1257
1098,"2018-05-31 05:00:00",0,946,8,16163,1926
1116,"2018-05-31 23:00:00",0,881,9,11620,1198
1065,"2018-05-29 20:00:00",0,977,6,10600,1740
1092,"2018-05-30 23:00:00",0,1023,6,9070,1505
1075,"2018-05-30 06:00:00",0,32181,41,103692,2524
1082,"2018-05-30 13:00:00",0,29572,36,40812,1105
1078,"2018-05-30 09:00:00",0,976,8,12424,1524
1068,"2018-05-29 23:00:00",0,978,15,11225,726
1115,"2018-05-31 22:00:00",0,11728,24,32180,1325
1102,"2018-05-31 09:00:00",0,1833,4,12667,2613
1107,"2018-05-31 14:00:00",0,928,13,13477,963
1106,"2018-05-31 13:00:00",0,974,9,10778,1149
1096,"2018-05-31 03:00:00",0,892,8,10943,1274
1093,"2018-05-31 00:00:00",0,978,7,11689,1512
1105,"2018-05-31 12:00:00",0,8623,18,23779,1301
1108,"2018-05-31 15:00:00",0,909,9,11271,1235
1112,"2018-05-31 19:00:00",0,5005,8,19378,2361
1099,"2018-05-31 06:00:00",0,20350,16,31575,1878
1109,"2018-05-31 16:00:00",0,1286,9,11945,1216
1104,"2018-05-31 11:00:00",0,23069,17,38980,2188
1101,"2018-05-31 08:00:00",0,5289,10,22479,2062
1097,"2018-05-31 04:00:00",0,895,6,11948,1709
1114,"2018-05-31 21:00:00",0,869,5,10395,1813
1110,"2018-05-31 17:00:00",0,1034,5,10640,2036
1157,"2018-06-02 16:00:00",0,2294,10,15036,1497
1141,"2018-06-02 00:00:00",0,977,8,9509,1153
1182,"2018-06-03 17:00:00",0,931,3,10308,2919
1118,"2018-06-01 01:00:00",0,979,9,10226,1058
1173,"2018-06-03 08:00:00",0,975,5,9566,1897
1125,"2018-06-01 08:00:00",0,7713,9,17087,1814
1144,"2018-06-02 03:00:00",0,974,12,10042,828
1122,"2018-06-01 05:00:00",0,977,4,10786,2273
1117,"2018-06-01 00:00:00",0,3164,17,20694,1164
1135,"2018-06-01 18:00:00",0,979,7,11705,1630
1130,"2018-06-01 13:00:00",0,893,9,13029,1346
1202,"2018-06-04 13:00:00",0,29335,24,41360,1712
1119,"2018-06-01 02:00:00",0,1695,7,10952,1388
1145,"2018-06-02 04:00:00",0,2215,9,12783,1410
1126,"2018-06-01 09:00:00",0,1095,4,12522,2896
1165,"2018-06-03 00:00:00",0,978,53,11107,209
1146,"2018-06-02 05:00:00",0,4543,13,16126,1165
1123,"2018-06-01 06:00:00",0,3478,8,13972,1720
1136,"2018-06-01 19:00:00",0,855,5,9641,1712
1131,"2018-06-01 14:00:00",0,2783,8,15851,1866
1120,"2018-06-01 03:00:00",0,1695,9,11395,1238
1168,"2018-06-03 03:00:00",0,996,24,15962,641
1161,"2018-06-02 20:00:00",0,30547,31,44131,1388
1147,"2018-06-02 06:00:00",0,870,6,10022,1633
1127,"2018-06-01 10:00:00",0,894,6,9605,1443
1184,"2018-06-03 19:00:00",0,932,7,13929,1941
1137,"2018-06-01 20:00:00",0,22012,44,51875,1171
1132,"2018-06-01 15:00:00",0,2193,9,12276,1275
1124,"2018-06-01 07:00:00",0,1272,11,12283,1100
1121,"2018-06-01 04:00:00",0,868,7,9270,1225
1158,"2018-06-02 17:00:00",0,2391,9,11553,1246
1148,"2018-06-02 07:00:00",0,5364,12,22506,1799
1128,"2018-06-01 11:00:00",0,30361,37,41886,1113
1192,"2018-06-04 03:00:00",0,894,12,10626,820
1186,"2018-06-03 21:00:00",0,893,7,9338,1302
1138,"2018-06-01 21:00:00",0,996,10,10607,1028
1133,"2018-06-01 16:00:00",0,7294,9,17315,1883
1149,"2018-06-02 08:00:00",0,30443,23,47451,2032
1129,"2018-06-01 12:00:00",0,1086,9,11228,1153
1191,"2018-06-04 02:00:00",0,893,12,9435,751
1176,"2018-06-03 11:00:00",0,5257,17,25995,1504
1150,"2018-06-02 09:00:00",0,7082,13,16142,1167
1139,"2018-06-01 22:00:00",0,8944,15,19980,1282
1151,"2018-06-02 10:00:00",0,892,12,11669,965
1134,"2018-06-01 17:00:00",0,986,8,11934,1488
1174,"2018-06-03 09:00:00",0,30513,24,41027,1648
1152,"2018-06-02 11:00:00",0,884,6,9481,1358
1189,"2018-06-04 00:00:00",0,868,13,11162,827
1188,"2018-06-03 23:00:00",0,892,10,9092,883
1140,"2018-06-01 23:00:00",0,1405,9,10972,1127
1153,"2018-06-02 12:00:00",0,907,8,10282,1144
1164,"2018-06-02 23:00:00",0,21365,116,37645,323
1159,"2018-06-02 18:00:00",0,991,7,9086,1280
1142,"2018-06-02 01:00:00",0,989,12,13731,1096
1154,"2018-06-02 13:00:00",0,865,6,8330,1275
1143,"2018-06-02 02:00:00",0,885,11,10231,866
1162,"2018-06-02 21:00:00",0,993,15,11270,748
1183,"2018-06-03 18:00:00",0,74745,39,91855,2303
1155,"2018-06-02 14:00:00",0,4879,17,19368,1096
1167,"2018-06-03 02:00:00",0,8460,48,18102,374
1180,"2018-06-03 15:00:00",0,891,8,16924,1942
1170,"2018-06-03 05:00:00",0,907,17,10244,592
1156,"2018-06-02 15:00:00",0,5096,16,14974,882
1171,"2018-06-03 06:00:00",0,894,12,10027,830
1179,"2018-06-03 14:00:00",0,9066,13,26484,1912
1160,"2018-06-02 19:00:00",0,991,6,10493,1523
1169,"2018-06-03 04:00:00",0,7723,57,18006,312
1163,"2018-06-02 22:00:00",0,992,14,10721,749
1204,"2018-06-04 15:00:00",0,1310,8,14278,1695
1178,"2018-06-03 13:00:00",0,870,4,11279,2733
1172,"2018-06-03 07:00:00",0,892,8,10141,1170
1166,"2018-06-03 01:00:00",0,979,38,10579,274
1195,"2018-06-04 06:00:00",0,2083,6,17565,2832
1175,"2018-06-03 10:00:00",0,900,9,12523,1312
1181,"2018-06-03 16:00:00",0,870,4,10304,2228
1187,"2018-06-03 22:00:00",0,72036,84,81085,959
1177,"2018-06-03 12:00:00",0,902,3,9900,2614
1206,"2018-06-04 17:00:00",0,30421,22,40297,1774
1198,"2018-06-04 09:00:00",0,893,5,9572,1746
1196,"2018-06-04 07:00:00",0,894,4,9288,2144
1190,"2018-06-04 01:00:00",0,894,12,10299,808
1185,"2018-06-03 20:00:00",0,861,5,9447,1665
1193,"2018-06-04 04:00:00",0,877,8,10463,1177
1194,"2018-06-04 05:00:00",0,881,4,10210,2073
1197,"2018-06-04 08:00:00",0,869,3,9493,2423
1199,"2018-06-04 10:00:00",0,5005,12,21563,1677
1207,"2018-06-04 18:00:00",0,1109,6,11445,1669
1203,"2018-06-04 14:00:00",0,982,5,9140,1578
1200,"2018-06-04 11:00:00",0,887,4,9388,1896
1201,"2018-06-04 12:00:00",0,2562,5,13120,2196
1205,"2018-06-04 16:00:00",0,889,6,11723,1899
1209,"2018-06-04 20:00:00",0,897,5,10355,1974
1208,"2018-06-04 19:00:00",0,4189,5,15885,2694
1210,"2018-06-04 21:00:00",0,1005,10,13227,1234
1216,"2018-06-05 03:00:00",0,873,22,11941,541
1211,"2018-06-04 22:00:00",0,884,21,12345,574
1212,"2018-06-04 23:00:00",0,878,21,8789,406
1213,"2018-06-05 00:00:00",0,1989,37,14403,382
1214,"2018-06-05 01:00:00",0,911,32,16419,499
1215,"2018-06-05 02:00:00",0,868,24,11451,467
1217,"2018-06-05 04:00:00",0,868,13,10638,793
1269,"2018-06-16 07:00:00",0,7555,28,29123,1025
1229,"2018-06-14 15:00:00",0,987,6,12383,2023
1263,"2018-06-16 01:00:00",0,3170,54,18257,338
1284,"2018-06-16 22:00:00",0,979,13,14372,1069
1273,"2018-06-16 11:00:00",0,8383,24,47159,1894
1221,"2018-06-14 07:00:00",0,977,7,1170,149
1238,"2018-06-15 00:00:00",0,993,43,12376,285
1234,"2018-06-14 20:00:00",0,1056,10,15257,1411
1262,"2018-06-16 00:00:00",0,980,31,12407,392
1226,"2018-06-14 12:00:00",0,6384,18,26552,1442
1223,"2018-06-14 09:00:00",0,6306,9,23856,2643
1219,"2018-06-05 06:00:00",0,868,5,9922,1916
1290,"2018-06-17 04:00:00",0,990,9,11193,1141
1259,"2018-06-15 21:00:00",0,2938,16,18198,1080
1245,"2018-06-15 07:00:00",0,15343,18,39837,2122
1231,"2018-06-14 17:00:00",0,6436,12,24729,2056
1264,"2018-06-16 02:00:00",0,3386,50,15140,299
1236,"2018-06-14 22:00:00",0,1034,13,12215,880
1268,"2018-06-16 06:00:00",0,5667,15,17978,1184
1228,"2018-06-14 14:00:00",0,1251,11,14990,1319
1252,"2018-06-15 14:00:00",0,28084,27,44753,1625
1251,"2018-06-15 13:00:00",0,10053,16,28430,1748
1220,"2018-06-05 07:00:00",0,964,6,11328,1842
1253,"2018-06-15 15:00:00",0,28409,23,43809,1871
1218,"2018-06-05 05:00:00",0,866,7,10792,1472
1239,"2018-06-15 01:00:00",0,7720,96,26561,275
1225,"2018-06-14 11:00:00",0,1880,6,15068,2356
1222,"2018-06-14 08:00:00",0,8915,10,21983,2094
1250,"2018-06-15 12:00:00",0,31952,40,68398,1691
1241,"2018-06-15 03:00:00",0,5439,36,18070,501
1233,"2018-06-14 19:00:00",0,5145,11,18074,1609
1304,"2018-06-17 18:00:00",0,4230,2,15865,5485
1289,"2018-06-17 03:00:00",0,1034,21,15094,694
1244,"2018-06-15 06:00:00",0,4669,11,20914,1757
1230,"2018-06-14 16:00:00",0,16476,29,35070,1186
1254,"2018-06-15 16:00:00",0,10836,15,26558,1738
1294,"2018-06-17 08:00:00",0,1609,7,12082,1666
1227,"2018-06-14 13:00:00",0,3817,13,17375,1268
1274,"2018-06-16 12:00:00",0,7183,19,30404,1527
1249,"2018-06-15 11:00:00",0,8954,10,24701,2438
1224,"2018-06-14 10:00:00",0,30457,27,65251,2394
1255,"2018-06-15 17:00:00",0,3326,14,19559,1357
1286,"2018-06-17 00:00:00",0,1963,17,13338,746
1235,"2018-06-14 21:00:00",0,1086,11,13010,1155
1267,"2018-06-16 05:00:00",0,2935,31,14989,473
1237,"2018-06-14 23:00:00",0,8054,49,19325,394
1248,"2018-06-15 10:00:00",0,4106,8,17973,2226
1232,"2018-06-14 18:00:00",0,3350,11,18068,1618
1243,"2018-06-15 05:00:00",0,2584,14,18942,1346
1260,"2018-06-15 22:00:00",0,1594,16,15515,938
1277,"2018-06-16 15:00:00",0,7271,14,20318,1369
1256,"2018-06-15 18:00:00",0,1982,8,13242,1552
1281,"2018-06-16 19:00:00",0,994,4,12595,2794
1240,"2018-06-15 02:00:00",0,1000,35,12490,356
1247,"2018-06-15 09:00:00",0,7764,15,26058,1701
1280,"2018-06-16 18:00:00",0,868,4,10024,2038
1265,"2018-06-16 03:00:00",0,3205,44,15963,356
1275,"2018-06-16 13:00:00",0,26866,46,65384,1404
1257,"2018-06-15 19:00:00",0,1321,6,12264,1862
1242,"2018-06-15 04:00:00",0,5740,50,23843,472
1291,"2018-06-17 05:00:00",0,993,9,12125,1223
1282,"2018-06-16 20:00:00",0,983,8,13001,1519
1246,"2018-06-15 08:00:00",0,10926,22,36280,1622
1261,"2018-06-15 23:00:00",0,2360,14,13742,926
1279,"2018-06-16 17:00:00",0,11299,17,34433,1975
1285,"2018-06-16 23:00:00",0,4060,40,30632,755
1258,"2018-06-15 20:00:00",0,1016,11,14157,1237
1298,"2018-06-17 12:00:00",0,13888,26,50830,1937
1287,"2018-06-17 01:00:00",0,1012,12,11563,916
1271,"2018-06-16 09:00:00",0,14871,21,34394,1631
1266,"2018-06-16 04:00:00",0,24198,155,54061,348
1270,"2018-06-16 08:00:00",0,4717,19,23138,1206
1272,"2018-06-16 10:00:00",0,9120,16,27513,1698
1276,"2018-06-16 14:00:00",0,155986,127,186217,1457
1283,"2018-06-16 21:00:00",0,1976,17,20988,1181
1278,"2018-06-16 16:00:00",0,982,5,11176,2035
1296,"2018-06-17 10:00:00",0,1116,7,14065,1760
1288,"2018-06-17 02:00:00",0,994,18,10980,608
1297,"2018-06-17 11:00:00",0,978,7,13591,1886
1303,"2018-06-17 17:00:00",0,6349,9,24444,2470
1293,"2018-06-17 07:00:00",0,9677,15,24316,1585
1292,"2018-06-17 06:00:00",0,1966,10,14977,1454
1302,"2018-06-17 16:00:00",0,5005,13,19115,1422
1295,"2018-06-17 09:00:00",0,4695,10,17119,1668
1305,"2018-06-17 19:00:00",0,1066,1,11889,6101
1300,"2018-06-17 14:00:00",0,35963,100,112965,1129
1301,"2018-06-17 15:00:00",0,1007,6,10915,1752
1299,"2018-06-17 13:00:00",0,6606,14,20354,1392
1308,"2018-06-17 22:00:00",0,6709,27,18484,663
1309,"2018-06-17 23:00:00",0,1555,19,14590,751
1307,"2018-06-17 21:00:00",0,980,10,11754,1145
1306,"2018-06-17 20:00:00",0,990,2,11589,5785
1310,"2018-06-18 00:00:00",0,896,14,10220,726
1311,"2018-06-18 01:00:00",0,1015,16,11314,688
1313,"2018-06-18 03:00:00",0,1323,13,11396,818
1312,"2018-06-18 02:00:00",0,981,18,12659,668
1314,"2018-06-18 04:00:00",0,1565,17,13840,791
1315,"2018-06-18 05:00:00",0,994,13,13747,1054
1316,"2018-06-18 06:00:00",0,9465,8,20584,2489
1317,"2018-06-18 07:00:00",0,3564,6,13420,1935
1318,"2018-06-18 08:00:00",0,3982,10,22316,2038
1367,"2018-06-20 11:00:00",0,980,5,11326,2111
1365,"2018-06-20 09:00:00",0,993,4,11800,2598
1340,"2018-06-19 08:00:00",0,2071,5,12899,2554
1397,"2018-06-21 22:00:00",0,897,10,13109,1302
1325,"2018-06-18 17:00:00",0,1233,10,18286,1730
1359,"2018-06-20 03:00:00",0,984,2,10491,4708
1346,"2018-06-19 14:00:00",0,978,7,11114,1579
1322,"2018-06-18 12:00:00",0,10236,21,30478,1394
1330,"2018-06-18 22:00:00",0,980,12,14969,1208
1371,"2018-06-20 20:00:00",0,4547,4,26272,6061
1355,"2018-06-19 23:00:00",0,995,2,11954,4895
1354,"2018-06-19 22:00:00",0,3443,4,17808,4447
1327,"2018-06-18 19:00:00",0,994,5,6934,1363
1319,"2018-06-18 09:00:00",0,1403,8,14565,1788
1353,"2018-06-19 21:00:00",0,1082,3,13186,3376
1352,"2018-06-19 20:00:00",0,1980,5,14295,2396
1335,"2018-06-19 03:00:00",0,43423,59,55117,920
1333,"2018-06-19 01:00:00",0,2056,11,14946,1273
1374,"2018-06-20 23:00:00",0,990,8,11376,1265
1351,"2018-06-19 19:00:00",0,981,5,12263,2345
1323,"2018-06-18 13:00:00",0,976,10,11447,1092
1342,"2018-06-19 10:00:00",0,996,6,14163,2324
1337,"2018-06-19 05:00:00",0,1104,5,10990,2066
1326,"2018-06-18 18:00:00",0,995,4,10084,2285
1328,"2018-06-18 20:00:00",0,981,6,10569,1640
1356,"2018-06-20 00:00:00",0,1006,2,11357,4986
1385,"2018-06-21 10:00:00",0,1050,6,12128,1843
1345,"2018-06-19 13:00:00",0,991,5,11418,2081
1320,"2018-06-18 10:00:00",0,30634,38,69287,1814
1350,"2018-06-19 18:00:00",0,977,3,9542,2693
1339,"2018-06-19 07:00:00",0,982,4,11824,2641
1363,"2018-06-20 07:00:00",0,1020,3,10278,2625
1331,"2018-06-18 23:00:00",0,1702,10,14698,1423
1391,"2018-06-21 16:00:00",0,872,7,11577,1487
1379,"2018-06-21 04:00:00",0,3185,8,13010,1456
1360,"2018-06-20 04:00:00",0,3626,4,16950,4146
1349,"2018-06-19 17:00:00",0,3809,7,15762,2126
1375,"2018-06-21 00:00:00",0,1110,10,12767,1161
1370,"2018-06-20 19:00:00",0,11792,19,38578,2017
1377,"2018-06-21 02:00:00",0,2530,10,13163,1216
1341,"2018-06-19 09:00:00",0,993,4,11723,2620
1329,"2018-06-18 21:00:00",0,986,10,11796,1179
1344,"2018-06-19 12:00:00",0,978,3,9978,2999
1321,"2018-06-18 11:00:00",0,11638,21,35079,1662
1334,"2018-06-19 02:00:00",0,3930,14,17773,1248
1398,"2018-06-21 23:00:00",0,6844,31,32619,1041
1336,"2018-06-19 04:00:00",0,2605,10,14654,1435
1348,"2018-06-19 16:00:00",0,12829,11,25831,2153
1390,"2018-06-21 15:00:00",0,891,11,11606,1030
1366,"2018-06-20 10:00:00",0,4549,6,16526,2517
1324,"2018-06-18 14:00:00",0,980,8,5302,610
1361,"2018-06-20 05:00:00",0,5724,7,18944,2458
1338,"2018-06-19 06:00:00",0,995,3,10170,2631
1407,"2018-06-22 08:00:00",0,5328,9,18031,1953
1364,"2018-06-20 08:00:00",0,5002,7,16883,2303
1332,"2018-06-19 00:00:00",0,42516,44,58272,1321
1388,"2018-06-21 13:00:00",0,870,12,10427,820
1369,"2018-06-20 18:00:00",0,9478,10,19223,1863
1347,"2018-06-19 15:00:00",0,980,7,12907,1786
1387,"2018-06-21 12:00:00",0,9013,18,28654,1559
1343,"2018-06-19 11:00:00",0,1651,4,11771,2423
1392,"2018-06-21 17:00:00",0,859,7,11757,1484
1382,"2018-06-21 07:00:00",0,869,6,10787,1749
1357,"2018-06-20 01:00:00",0,981,2,11967,5057
1378,"2018-06-21 03:00:00",0,868,7,9858,1248
1362,"2018-06-20 06:00:00",0,992,3,10730,2744
1358,"2018-06-20 02:00:00",0,1004,2,12024,4503
1381,"2018-06-21 06:00:00",0,868,4,10555,2255
1383,"2018-06-21 08:00:00",0,20546,58,93929,1596
1403,"2018-06-22 04:00:00",0,869,13,12916,980
1386,"2018-06-21 11:00:00",0,4300,12,25486,1962
1376,"2018-06-21 01:00:00",0,1228,11,12612,1123
1368,"2018-06-20 12:00:00",0,980,4,8948,1831
1372,"2018-06-20 21:00:00",0,998,7,10310,1383
1373,"2018-06-20 22:00:00",0,3683,9,14325,1568
1380,"2018-06-21 05:00:00",0,891,5,10553,1928
1384,"2018-06-21 09:00:00",0,83260,84,133979,1594
1401,"2018-06-22 02:00:00",0,891,15,13645,885
1389,"2018-06-21 14:00:00",0,1562,12,13936,1088
1394,"2018-06-21 19:00:00",0,859,8,11823,1397
1400,"2018-06-22 01:00:00",0,7289,19,18470,952
1396,"2018-06-21 21:00:00",0,15187,17,27220,1587
1393,"2018-06-21 18:00:00",0,30371,24,43232,1785
1395,"2018-06-21 20:00:00",0,14208,12,24355,1934
1399,"2018-06-22 00:00:00",0,890,12,13250,1050
1402,"2018-06-22 03:00:00",0,32642,75,71982,957
1411,"2018-06-22 12:00:00",0,3594,34,21720,625
1405,"2018-06-22 06:00:00",0,995,5,10584,1830
1409,"2018-06-22 10:00:00",0,978,7,11729,1550
1404,"2018-06-22 05:00:00",0,3381,14,15231,1041
1406,"2018-06-22 07:00:00",0,4795,11,19000,1686
1408,"2018-06-22 09:00:00",0,7462,14,24617,1678
1410,"2018-06-22 11:00:00",0,29738,30,42584,1412
1414,"2018-06-22 15:00:00",0,870,11,11308,1005
1412,"2018-06-22 13:00:00",0,4564,15,16270,1059
1413,"2018-06-22 14:00:00",0,1203,8,11706,1358
1415,"2018-06-22 16:00:00",0,1925,20,13183,641
1417,"2018-06-22 18:00:00",0,9358,29,19004,651
1416,"2018-06-22 17:00:00",0,881,10,9395,926
1418,"2018-06-22 19:00:00",0,978,14,11101,748
1419,"2018-06-22 20:00:00",0,5095,26,16698,620
1458,"2018-06-24 11:00:00",0,1039,8,15069,1743
1507,"2018-06-26 12:00:00",0,979,9,11712,1262
1450,"2018-06-24 03:00:00",0,4019,31,17661,562
1505,"2018-06-26 10:00:00",0,976,6,11932,1836
1427,"2018-06-23 04:00:00",0,1008,11,11143,935
1479,"2018-06-25 08:00:00",0,5106,6,18231,2778
1420,"2018-06-22 21:00:00",0,983,20,11664,557
1502,"2018-06-26 07:00:00",0,1037,11,12606,1104
1483,"2018-06-25 12:00:00",0,978,5,10635,2083
1424,"2018-06-23 01:00:00",0,12740,30,27908,921
1421,"2018-06-22 22:00:00",0,3460,26,18570,690
1430,"2018-06-23 07:00:00",0,5659,13,20373,1549
1445,"2018-06-23 22:00:00",0,886,17,11671,665
1477,"2018-06-25 06:00:00",0,1629,5,15314,2991
1459,"2018-06-24 12:00:00",0,6331,10,19739,1833
1442,"2018-06-23 19:00:00",0,30931,34,45209,1312
1469,"2018-06-24 22:00:00",0,10983,21,27601,1306
1463,"2018-06-24 16:00:00",0,1498,7,16579,2112
1449,"2018-06-24 02:00:00",0,1003,21,13233,616
1435,"2018-06-23 12:00:00",0,6803,18,22562,1248
1437,"2018-06-23 14:00:00",0,6247,8,16756,1864
1482,"2018-06-25 11:00:00",0,5574,6,16936,2637
1433,"2018-06-23 10:00:00",0,3453,16,21427,1304
1422,"2018-06-22 23:00:00",0,1597,17,17136,971
1428,"2018-06-23 05:00:00",0,2189,10,13291,1328
1425,"2018-06-23 02:00:00",0,3637,20,16889,821
1484,"2018-06-25 13:00:00",0,1329,5,13685,2433
1460,"2018-06-24 13:00:00",0,26939,35,66791,1859
1439,"2018-06-23 16:00:00",0,1708,9,13222,1330
1493,"2018-06-25 22:00:00",0,1423,15,10394,688
1481,"2018-06-25 10:00:00",0,3097,10,22312,2204
1488,"2018-06-25 17:00:00",0,4267,8,23824,2751
1431,"2018-06-23 08:00:00",0,4751,10,17986,1745
1444,"2018-06-23 21:00:00",0,8942,24,27583,1122
1466,"2018-06-24 19:00:00",0,1012,3,9379,2489
1423,"2018-06-23 00:00:00",0,977,12,11337,944
1448,"2018-06-24 01:00:00",0,1134,18,11882,648
1441,"2018-06-23 18:00:00",0,6148,15,19566,1279
1492,"2018-06-25 21:00:00",0,25737,40,52099,1276
1447,"2018-06-24 00:00:00",0,997,18,12865,678
1474,"2018-06-25 03:00:00",0,977,13,13039,970
1426,"2018-06-23 03:00:00",0,12683,40,35181,861
1464,"2018-06-24 17:00:00",0,99661,42,110892,2628
1461,"2018-06-24 14:00:00",0,976,8,14186,1637
1429,"2018-06-23 06:00:00",0,12137,13,24006,1754
1468,"2018-06-24 21:00:00",0,858,8,11437,1370
1473,"2018-06-25 02:00:00",0,3148,15,13511,864
1472,"2018-06-25 01:00:00",0,1031,14,12601,895
1436,"2018-06-23 13:00:00",0,1691,10,12908,1214
1434,"2018-06-23 11:00:00",0,3852,12,21641,1682
1454,"2018-06-24 07:00:00",0,53507,46,67369,1448
1453,"2018-06-24 06:00:00",0,4540,15,15707,1031
1438,"2018-06-23 15:00:00",0,976,7,10163,1294
1432,"2018-06-23 09:00:00",0,1000,7,11673,1505
1443,"2018-06-23 20:00:00",0,980,7,9169,1151
1455,"2018-06-24 08:00:00",0,977,9,11170,1195
1446,"2018-06-23 23:00:00",0,1009,18,11214,623
1452,"2018-06-24 05:00:00",0,6430,21,20588,958
1487,"2018-06-25 16:00:00",0,29172,16,39755,2459
1440,"2018-06-23 17:00:00",0,1009,9,12315,1334
1456,"2018-06-24 09:00:00",0,975,7,11372,1573
1451,"2018-06-24 04:00:00",0,6340,26,17261,651
1478,"2018-06-25 07:00:00",0,4344,6,15632,2565
1475,"2018-06-25 04:00:00",0,996,8,9593,1157
1457,"2018-06-24 10:00:00",0,856,6,10891,1747
1471,"2018-06-25 00:00:00",0,1008,11,13128,1156
1462,"2018-06-24 15:00:00",0,978,3,10074,2555
1485,"2018-06-25 14:00:00",0,2482,6,15397,2283
1480,"2018-06-25 09:00:00",0,7068,16,36972,2288
1491,"2018-06-25 20:00:00",0,1073,6,12678,1829
1470,"2018-06-24 23:00:00",0,1079,10,12249,1126
1467,"2018-06-24 20:00:00",0,2788,5,13201,2237
1465,"2018-06-24 18:00:00",0,975,5,12471,2462
1489,"2018-06-25 18:00:00",0,4039,5,15457,2666
1476,"2018-06-25 05:00:00",0,59663,115,190094,1645
1501,"2018-06-26 06:00:00",0,978,8,11656,1361
1496,"2018-06-26 01:00:00",0,4819,47,15084,317
1494,"2018-06-25 23:00:00",0,1009,37,10519,283
1486,"2018-06-25 15:00:00",0,2612,7,15174,2022
1490,"2018-06-25 19:00:00",0,976,5,11048,1976
1495,"2018-06-26 00:00:00",0,977,47,11392,241
1504,"2018-06-26 09:00:00",0,20448,20,51747,2492
1500,"2018-06-26 05:00:00",0,1988,9,12707,1300
1499,"2018-06-26 04:00:00",0,1072,23,15444,653
1497,"2018-06-26 02:00:00",0,975,31,9634,310
1498,"2018-06-26 03:00:00",0,4925,37,15203,401
1503,"2018-06-26 08:00:00",0,4723,10,20344,1872
1508,"2018-06-26 13:00:00",0,6414,26,30930,1158
1509,"2018-06-26 14:00:00",0,2706,16,14720,897
1515,"2018-06-26 20:00:00",0,975,8,9592,1081
1506,"2018-06-26 11:00:00",0,30458,27,43282,1589
1510,"2018-06-26 15:00:00",0,3876,16,14998,935
1511,"2018-06-26 16:00:00",0,29542,12,42950,3442
1512,"2018-06-26 17:00:00",0,986,4,9576,2180
1513,"2018-06-26 18:00:00",0,978,9,11605,1164
1514,"2018-06-26 19:00:00",0,1180,9,11407,1183
1516,"2018-06-26 21:00:00",0,5364,18,18080,984
1517,"2018-06-26 22:00:00",0,2254,35,19371,539
1518,"2018-06-26 23:00:00",0,979,29,9479,324
1519,"2018-06-27 00:00:00",0,42510,181,54181,299
1520,"2018-06-27 01:00:00",0,888,31,10677,339
1541,"2018-06-27 22:00:00",0,29231,42,39276,925
1609,"2018-06-30 18:00:00",0,992,12,13413,1067
1551,"2018-06-28 08:00:00",0,1162,15,11920,763
1605,"2018-06-30 14:00:00",0,30387,102,55378,542
1572,"2018-06-29 05:00:00",0,990,8,11953,1474
1561,"2018-06-28 18:00:00",0,976,5,10715,1885
1592,"2018-06-30 01:00:00",0,979,53,11477,214
1576,"2018-06-29 09:00:00",0,1094,6,11498,1653
1521,"2018-06-27 02:00:00",0,976,36,10603,293
1567,"2018-06-29 00:00:00",0,979,14,10719,765
1522,"2018-06-27 03:00:00",0,1003,39,11267,285
1588,"2018-06-29 21:00:00",0,979,12,10862,896
1550,"2018-06-28 07:00:00",0,996,15,12414,797
1526,"2018-06-27 07:00:00",0,2041,9,21124,2161
1529,"2018-06-27 10:00:00",0,974,6,10804,1687
1571,"2018-06-29 04:00:00",0,1211,11,9502,804
1565,"2018-06-28 22:00:00",0,976,9,9353,1000
1536,"2018-06-27 17:00:00",0,1013,3,11353,3043
1534,"2018-06-27 15:00:00",0,995,5,9258,1644
1523,"2018-06-27 04:00:00",0,980,15,9810,639
1562,"2018-06-28 19:00:00",0,978,5,11274,2234
1546,"2018-06-28 03:00:00",0,10909,88,30799,349
1538,"2018-06-27 19:00:00",0,8933,8,23046,2674
1544,"2018-06-28 01:00:00",0,12065,162,43959,271
1532,"2018-06-27 13:00:00",0,1270,6,12938,1866
1568,"2018-06-29 01:00:00",0,979,11,9088,766
1584,"2018-06-29 17:00:00",0,976,11,10164,895
1540,"2018-06-27 21:00:00",0,30084,36,42951,1164
1583,"2018-06-29 16:00:00",0,30311,31,43719,1398
1527,"2018-06-27 08:00:00",0,5005,10,17555,1688
1549,"2018-06-28 06:00:00",0,4151,20,20355,985
1524,"2018-06-27 05:00:00",0,1003,10,11330,1040
1577,"2018-06-29 10:00:00",0,977,7,10692,1493
1542,"2018-06-27 23:00:00",0,979,29,11682,398
1530,"2018-06-27 11:00:00",0,1166,6,12276,1854
1601,"2018-06-30 10:00:00",0,1224,8,13062,1565
1580,"2018-06-29 13:00:00",0,30575,72,43015,596
1556,"2018-06-28 13:00:00",0,606625,775,618467,798
1557,"2018-06-28 14:00:00",0,991,10,10432,958
1555,"2018-06-28 12:00:00",0,29201,56,51682,911
1570,"2018-06-29 03:00:00",0,1813,15,11625,730
1554,"2018-06-28 11:00:00",0,10282,46,33472,724
1548,"2018-06-28 05:00:00",0,994,10,10895,1045
1535,"2018-06-27 16:00:00",0,977,5,12261,2284
1558,"2018-06-28 15:00:00",0,23067,39,33349,854
1537,"2018-06-27 18:00:00",0,7223,9,29432,3070
1533,"2018-06-27 14:00:00",0,62813,47,81451,1714
1525,"2018-06-27 06:00:00",0,893,5,10976,2124
1528,"2018-06-27 09:00:00",0,1761,6,13707,2141
1553,"2018-06-28 10:00:00",0,9022,27,19452,699
1563,"2018-06-28 20:00:00",0,990,6,10642,1659
1545,"2018-06-28 02:00:00",0,16438,100,27144,269
1539,"2018-06-27 20:00:00",0,2169,8,13547,1640
1599,"2018-06-30 08:00:00",0,977,6,12223,1866
1585,"2018-06-29 18:00:00",0,1321,10,11943,1117
1531,"2018-06-27 12:00:00",0,1015,6,12140,1810
1552,"2018-06-28 09:00:00",0,977,20,11835,582
1543,"2018-06-28 00:00:00",0,79243,347,88217,254
1559,"2018-06-28 16:00:00",0,29469,28,40691,1405
1547,"2018-06-28 04:00:00",0,976,26,10206,391
1582,"2018-06-29 15:00:00",0,866,12,9991,781
1566,"2018-06-28 23:00:00",0,977,14,12213,848
1578,"2018-06-29 11:00:00",0,6214,14,16771,1119
1600,"2018-06-30 09:00:00",0,978,12,13886,1125
1560,"2018-06-28 17:00:00",0,1349,7,11998,1560
1596,"2018-06-30 05:00:00",0,976,18,11732,647
1595,"2018-06-30 04:00:00",0,979,29,13129,441
1586,"2018-06-29 19:00:00",0,982,11,11353,964
1564,"2018-06-28 21:00:00",0,976,9,10100,1112
1569,"2018-06-29 02:00:00",0,977,14,9403,653
1589,"2018-06-29 22:00:00",0,1018,19,9325,482
1581,"2018-06-29 14:00:00",0,981,12,10022,831
1579,"2018-06-29 12:00:00",0,5005,23,19322,812
1574,"2018-06-29 07:00:00",0,977,5,9882,1745
1573,"2018-06-29 06:00:00",0,991,5,10649,1951
1575,"2018-06-29 08:00:00",0,1320,8,13876,1713
1593,"2018-06-30 02:00:00",0,978,26,14414,541
1607,"2018-06-30 16:00:00",0,979,18,12183,676
1590,"2018-06-29 23:00:00",0,27108,128,39555,308
1587,"2018-06-29 20:00:00",0,2441,12,13335,1047
1591,"2018-06-30 00:00:00",0,18187,141,29257,207
1598,"2018-06-30 07:00:00",0,977,8,12724,1587
1597,"2018-06-30 06:00:00",0,990,13,12974,983
1594,"2018-06-30 03:00:00",0,978,24,12096,502
1604,"2018-06-30 13:00:00",0,977,12,12676,1013
1603,"2018-06-30 12:00:00",0,994,10,13557,1295
1602,"2018-06-30 11:00:00",0,1357,10,12165,1157
1608,"2018-06-30 17:00:00",0,1640,15,14085,907
1610,"2018-06-30 19:00:00",0,1294,13,14086,1017
1606,"2018-06-30 15:00:00",0,1132,16,12425,758
1614,"2018-06-30 23:00:00",0,976,30,12004,398
1611,"2018-06-30 20:00:00",0,1008,15,12732,808
1612,"2018-06-30 21:00:00",0,1029,29,13524,460
1613,"2018-06-30 22:00:00",0,1157,43,13679,316
1654,"2018-07-02 15:00:00",0,4074,19,24882,1287
1624,"2018-07-01 09:00:00",0,30476,48,45673,933
1669,"2018-07-03 06:00:00",0,994,8,12541,1518
1617,"2018-07-01 02:00:00",0,994,47,11696,245
1625,"2018-07-01 10:00:00",0,996,20,14092,685
1653,"2018-07-02 14:00:00",0,998,19,13486,688
1626,"2018-07-01 11:00:00",0,979,14,12820,890
1667,"2018-07-03 04:00:00",0,1393,43,13441,312
1643,"2018-07-02 04:00:00",0,978,14,12400,830
1618,"2018-07-01 03:00:00",0,1003,67,11639,173
1679,"2018-07-03 16:00:00",0,977,8,10921,1327
1627,"2018-07-01 12:00:00",0,995,14,12125,843
1687,"2018-07-04 00:00:00",0,7092,66,18463,277
1620,"2018-07-01 05:00:00",0,988,22,16421,728
1616,"2018-07-01 01:00:00",0,1008,41,12693,307
1652,"2018-07-02 13:00:00",0,982,14,11149,765
1644,"2018-07-02 05:00:00",0,989,8,12082,1472
1642,"2018-07-02 03:00:00",0,2473,41,13385,323
1628,"2018-07-01 13:00:00",0,978,24,16031,644
1619,"2018-07-01 04:00:00",0,103682,668,116963,175
1621,"2018-07-01 06:00:00",0,1634,20,15380,766
1615,"2018-07-01 00:00:00",0,993,40,12028,296
1651,"2018-07-02 12:00:00",0,1014,20,14993,723
1632,"2018-07-01 17:00:00",0,978,14,13328,933
1650,"2018-07-02 11:00:00",0,3222,29,15385,529
1629,"2018-07-01 14:00:00",0,976,14,11432,783
1630,"2018-07-01 15:00:00",0,9517,50,30195,594
1622,"2018-07-01 07:00:00",0,992,12,15722,1210
1631,"2018-07-01 16:00:00",0,984,14,13172,918
1645,"2018-07-02 06:00:00",0,995,6,12385,1951
1633,"2018-07-01 18:00:00",0,30012,49,41182,835
1637,"2018-07-01 22:00:00",0,4584,39,16605,417
1623,"2018-07-01 08:00:00",0,990,9,12530,1289
1660,"2018-07-02 21:00:00",0,30251,76,44177,577
1634,"2018-07-01 19:00:00",0,3246,16,16437,999
1655,"2018-07-02 16:00:00",0,979,8,10529,1181
1636,"2018-07-01 21:00:00",0,983,25,12273,490
1659,"2018-07-02 20:00:00",0,988,20,11002,529
1635,"2018-07-01 20:00:00",0,992,12,14587,1150
1646,"2018-07-02 07:00:00",0,30094,29,52984,1769
1649,"2018-07-02 10:00:00",0,976,20,13259,642
1647,"2018-07-02 08:00:00",0,975,8,12322,1530
1678,"2018-07-03 15:00:00",0,30240,48,42430,873
1670,"2018-07-03 07:00:00",0,5519,12,19317,1572
1664,"2018-07-03 01:00:00",0,17978,308,41598,135
1648,"2018-07-02 09:00:00",0,981,9,13155,1380
1656,"2018-07-02 17:00:00",0,1006,15,13224,867
1641,"2018-07-02 02:00:00",0,1030,105,13460,128
1640,"2018-07-02 01:00:00",0,980,120,11324,94
1638,"2018-07-01 23:00:00",0,977,47,13062,273
1662,"2018-07-02 23:00:00",0,1005,88,10667,120
1639,"2018-07-02 00:00:00",0,29452,267,41531,155
1682,"2018-07-03 19:00:00",0,30296,46,44757,956
1676,"2018-07-03 13:00:00",0,985,14,12451,866
1663,"2018-07-03 00:00:00",0,4327,261,18813,72
1674,"2018-07-03 11:00:00",0,980,14,12523,840
1671,"2018-07-03 08:00:00",0,29067,40,65920,1616
1657,"2018-07-02 18:00:00",0,25458,36,39494,1069
1699,"2018-07-04 12:00:00",0,22614,48,37654,784
1677,"2018-07-03 14:00:00",0,1007,25,13543,524
1698,"2018-07-04 11:00:00",0,979,17,10770,602
1680,"2018-07-03 17:00:00",0,1029,11,12654,1097
1665,"2018-07-03 02:00:00",0,996,87,12976,148
1672,"2018-07-03 09:00:00",0,2671,12,16726,1339
1684,"2018-07-03 21:00:00",0,993,25,13002,517
1675,"2018-07-03 12:00:00",0,977,23,13045,555
1661,"2018-07-02 22:00:00",0,979,37,10278,274
1658,"2018-07-02 19:00:00",0,3872,13,16264,1241
1686,"2018-07-03 23:00:00",0,30249,148,43632,294
1695,"2018-07-04 08:00:00",0,993,7,12538,1630
1693,"2018-07-04 06:00:00",0,6381,13,19768,1490
1683,"2018-07-03 20:00:00",0,993,15,12063,798
1666,"2018-07-03 03:00:00",0,1202,66,13271,200
1668,"2018-07-03 05:00:00",0,992,10,11462,1106
1673,"2018-07-03 10:00:00",0,1032,11,13133,1117
1681,"2018-07-03 18:00:00",0,1179,14,14701,996
1694,"2018-07-04 07:00:00",0,980,9,15370,1684
1690,"2018-07-04 03:00:00",0,996,79,11696,148
1704,"2018-07-04 17:00:00",0,978,11,10081,850
1705,"2018-07-04 18:00:00",0,976,8,9502,1068
1688,"2018-07-04 01:00:00",0,994,45,12271,269
1685,"2018-07-03 22:00:00",0,980,28,12317,431
1703,"2018-07-04 16:00:00",0,978,12,11391,925
1692,"2018-07-04 05:00:00",0,976,11,12458,1062
1701,"2018-07-04 14:00:00",0,981,9,10253,1056
1689,"2018-07-04 02:00:00",0,977,48,13020,269
1691,"2018-07-04 04:00:00",0,1228,29,12985,438
1697,"2018-07-04 10:00:00",0,992,18,10609,584
1696,"2018-07-04 09:00:00",0,1002,9,11571,1170
1700,"2018-07-04 13:00:00",0,984,18,12115,645
1702,"2018-07-04 15:00:00",0,980,12,9943,815
1706,"2018-07-04 19:00:00",0,1874,14,16260,1106
1707,"2018-07-04 20:00:00",0,980,21,13480,623
1709,"2018-07-04 22:00:00",0,978,20,12015,584
1708,"2018-07-04 21:00:00",0,2179,19,14545,765
1711,"2018-07-05 00:00:00",0,3594,71,13221,185
1710,"2018-07-04 23:00:00",0,2170,26,12691,488
1713,"2018-07-05 02:00:00",0,979,78,11858,151
1712,"2018-07-05 01:00:00",0,1015,81,12227,150
1714,"2018-07-05 03:00:00",0,1101,119,13439,112
1715,"2018-07-05 04:00:00",0,992,51,13144,255
1797,"2018-07-08 14:00:00",0,5274,16,15634,952
1771,"2018-07-07 12:00:00",0,992,19,12483,636
1745,"2018-07-06 10:00:00",0,1993,29,17340,582
1779,"2018-07-07 20:00:00",0,1000,4,17915,3876
1776,"2018-07-07 17:00:00",0,995,13,11903,880
1721,"2018-07-05 10:00:00",0,1018,16,12194,756
1724,"2018-07-05 13:00:00",0,1022,21,10629,489
1717,"2018-07-05 06:00:00",0,975,14,16631,1155
1747,"2018-07-06 12:00:00",0,6510,76,29361,384
1790,"2018-07-08 07:00:00",0,924,16,10612,635
1733,"2018-07-05 22:00:00",0,979,27,10135,375
1722,"2018-07-05 11:00:00",0,1021,40,11878,295
1719,"2018-07-05 08:00:00",0,1014,14,11624,788
1760,"2018-07-07 01:00:00",0,4524,72,21065,291
1740,"2018-07-06 05:00:00",0,990,20,12452,614
1770,"2018-07-07 11:00:00",0,1343,18,12719,695
1757,"2018-07-06 22:00:00",0,52578,168,74715,444
1729,"2018-07-05 18:00:00",0,5196,35,16043,450
1735,"2018-07-06 00:00:00",0,1020,113,13525,119
1767,"2018-07-07 08:00:00",0,992,24,10584,430
1716,"2018-07-05 05:00:00",0,4571,15,17963,1177
1727,"2018-07-05 16:00:00",0,978,15,11915,754
1725,"2018-07-05 14:00:00",0,979,27,12393,452
1756,"2018-07-06 21:00:00",0,3370,45,18108,400
1742,"2018-07-06 07:00:00",0,995,11,12837,1160
1734,"2018-07-05 23:00:00",0,982,52,11661,224
1796,"2018-07-08 13:00:00",0,870,18,11040,584
1780,"2018-07-07 21:00:00",0,880,28,12521,435
1720,"2018-07-05 09:00:00",0,1107,13,11518,845
1761,"2018-07-07 02:00:00",0,979,113,13799,122
1744,"2018-07-06 09:00:00",0,977,11,11823,1031
1718,"2018-07-05 07:00:00",0,2949,10,18225,1680
1730,"2018-07-05 19:00:00",0,2966,29,13818,466
1723,"2018-07-05 12:00:00",0,1016,23,12377,519
1785,"2018-07-08 02:00:00",0,2619,76,13993,182
1777,"2018-07-07 18:00:00",0,979,26,12989,495
1762,"2018-07-07 03:00:00",0,980,150,13269,88
1751,"2018-07-06 16:00:00",0,3388,42,27104,633
1750,"2018-07-06 15:00:00",0,992,16,12540,755
1759,"2018-07-07 00:00:00",0,976,68,12394,182
1749,"2018-07-06 14:00:00",0,980,20,12452,600
1739,"2018-07-06 04:00:00",0,1119,61,13252,215
1726,"2018-07-05 15:00:00",0,984,13,10425,761
1738,"2018-07-06 03:00:00",0,1008,48,12066,249
1752,"2018-07-06 17:00:00",0,978,18,17061,934
1741,"2018-07-06 06:00:00",0,976,20,11394,557
1731,"2018-07-05 20:00:00",0,2446,38,12747,333
1755,"2018-07-06 20:00:00",0,981,23,12934,554
1746,"2018-07-06 11:00:00",0,5004,33,29114,879
1728,"2018-07-05 17:00:00",0,977,10,10509,991
1732,"2018-07-05 21:00:00",0,980,41,10292,249
1783,"2018-07-08 00:00:00",0,1258,66,13693,206
1737,"2018-07-06 02:00:00",0,1019,79,12325,156
1794,"2018-07-08 11:00:00",0,2417,21,11059,526
1753,"2018-07-06 18:00:00",0,977,13,12287,880
1736,"2018-07-06 01:00:00",0,980,61,11180,182
1743,"2018-07-06 08:00:00",0,995,20,12669,623
1769,"2018-07-07 10:00:00",0,1296,17,13770,795
1765,"2018-07-07 06:00:00",0,6302,61,24154,390
1748,"2018-07-06 13:00:00",0,871,14,11298,787
1764,"2018-07-07 05:00:00",0,993,41,13026,312
1784,"2018-07-08 01:00:00",0,7939,78,17316,220
1754,"2018-07-06 19:00:00",0,1001,16,13616,801
1774,"2018-07-07 15:00:00",0,867,17,11226,659
1768,"2018-07-07 09:00:00",0,977,20,12111,589
1773,"2018-07-07 14:00:00",0,3836,42,19381,455
1758,"2018-07-06 23:00:00",0,980,30,12889,418
1782,"2018-07-07 23:00:00",0,870,42,10294,240
1778,"2018-07-07 19:00:00",0,1002,22,11253,509
1763,"2018-07-07 04:00:00",0,978,64,13503,209
1772,"2018-07-07 13:00:00",0,976,18,10047,544
1766,"2018-07-07 07:00:00",0,869,18,11140,608
1775,"2018-07-07 16:00:00",0,978,17,12067,695
1786,"2018-07-08 03:00:00",0,936,45,9186,202
1795,"2018-07-08 12:00:00",0,893,11,8961,755
1788,"2018-07-08 05:00:00",0,1302,26,12987,488
1791,"2018-07-08 08:00:00",0,908,18,11442,614
1787,"2018-07-08 04:00:00",0,905,39,11001,279
1793,"2018-07-08 10:00:00",0,875,12,10123,835
1781,"2018-07-07 22:00:00",0,893,18,9886,531
1806,"2018-07-08 23:00:00",0,38695,185,48306,260
1789,"2018-07-08 06:00:00",0,925,16,9392,584
1800,"2018-07-08 17:00:00",0,4976,16,18163,1097
1799,"2018-07-08 16:00:00",0,9779,20,26111,1281
1792,"2018-07-08 09:00:00",0,880,14,10136,719
1804,"2018-07-08 21:00:00",0,2319,22,13375,599
1805,"2018-07-08 22:00:00",0,857,34,9122,267
1798,"2018-07-08 15:00:00",0,893,13,12040,894
1801,"2018-07-08 18:00:00",0,22979,40,46315,1132
1803,"2018-07-08 20:00:00",0,858,9,10578,1120
1802,"2018-07-08 19:00:00",0,1737,13,13754,1031
1807,"2018-07-09 00:00:00",0,1539,79,11488,145
1811,"2018-07-09 04:00:00",0,871,32,9237,284
1808,"2018-07-09 01:00:00",0,885,71,11205,156
1809,"2018-07-09 02:00:00",0,1368,98,15031,153
1810,"2018-07-09 03:00:00",0,869,41,9557,229
1813,"2018-07-09 06:00:00",0,8876,17,26261,1538
1812,"2018-07-09 05:00:00",0,861,28,10594,366
1814,"2018-07-09 07:00:00",0,13525,27,25364,910
1815,"2018-07-09 08:00:00",0,944,9,10853,1089
1816,"2018-07-09 09:00:00",0,2412,16,11778,729
1835,"2018-07-10 04:00:00",0,883,35,13788,386
1871,"2018-07-11 16:00:00",0,15482,56,64877,1144
1856,"2018-07-11 01:00:00",0,874,108,14004,129
1833,"2018-07-10 02:00:00",0,868,46,14854,319
1826,"2018-07-09 19:00:00",0,6027,21,19798,939
1887,"2018-07-12 08:00:00",0,863,6,12245,1776
1846,"2018-07-10 15:00:00",0,892,2,12446,4476
1907,"2018-07-13 04:00:00",0,1120,57,13629,236
1842,"2018-07-10 11:00:00",0,878,6,10984,1643
1839,"2018-07-10 08:00:00",0,868,7,12399,1707
1823,"2018-07-09 16:00:00",0,887,12,17463,1380
1817,"2018-07-09 10:00:00",0,2039,16,13491,813
1909,"2018-07-13 06:00:00",0,868,14,13494,955
1852,"2018-07-10 21:00:00",0,869,36,12262,332
1891,"2018-07-12 12:00:00",0,857,23,11395,485
1854,"2018-07-10 23:00:00",0,870,35,12058,338
1872,"2018-07-11 17:00:00",0,870,8,12914,1439
1869,"2018-07-11 14:00:00",0,869,14,12968,923
1845,"2018-07-10 14:00:00",0,859,2,12860,4644
1818,"2018-07-09 11:00:00",0,893,13,11050,833
1836,"2018-07-10 05:00:00",0,887,20,13688,665
1862,"2018-07-11 07:00:00",0,3857,10,17935,1746
1864,"2018-07-11 09:00:00",0,981,9,15197,1594
1855,"2018-07-11 00:00:00",0,868,94,11548,122
1827,"2018-07-09 20:00:00",0,882,14,13087,895
1859,"2018-07-11 04:00:00",0,885,34,11984,352
1857,"2018-07-11 02:00:00",0,872,88,12058,137
1824,"2018-07-09 17:00:00",0,1069,16,19350,1180
1819,"2018-07-09 12:00:00",0,894,10,10252,1023
1841,"2018-07-10 10:00:00",0,869,10,14271,1371
1851,"2018-07-10 20:00:00",0,869,15,12633,825
1838,"2018-07-10 07:00:00",0,886,11,17710,1567
1820,"2018-07-09 13:00:00",0,857,10,9869,943
1844,"2018-07-10 13:00:00",0,160281,49,173366,3531
1883,"2018-07-12 04:00:00",0,879,23,13179,569
1821,"2018-07-09 14:00:00",0,20417,46,30835,660
1866,"2018-07-11 11:00:00",0,885,9,14648,1466
1860,"2018-07-11 05:00:00",0,872,11,12752,1106
1850,"2018-07-10 19:00:00",0,4935,12,17710,1378
1828,"2018-07-09 21:00:00",0,978,18,11904,633
1858,"2018-07-11 03:00:00",0,858,89,11911,133
1904,"2018-07-13 01:00:00",0,883,69,12456,179
1878,"2018-07-11 23:00:00",0,895,73,12954,177
1825,"2018-07-09 18:00:00",0,871,14,15276,1088
1849,"2018-07-10 18:00:00",0,869,8,13627,1604
1829,"2018-07-09 22:00:00",0,868,30,12935,423
1843,"2018-07-10 12:00:00",0,856,8,11784,1366
1832,"2018-07-10 01:00:00",0,885,81,12441,153
1822,"2018-07-09 15:00:00",0,858,13,13858,1033
1840,"2018-07-10 09:00:00",0,2167,8,14573,1623
1831,"2018-07-10 00:00:00",0,3896,110,16901,153
1830,"2018-07-09 23:00:00",0,896,42,13869,326
1894,"2018-07-12 15:00:00",0,879,14,11821,841
1873,"2018-07-11 18:00:00",0,1256,10,15072,1472
1868,"2018-07-11 13:00:00",0,869,16,13290,792
1834,"2018-07-10 03:00:00",0,869,73,10859,148
1837,"2018-07-10 06:00:00",0,862,10,15718,1494
1848,"2018-07-10 17:00:00",0,894,3,13772,4257
1853,"2018-07-10 22:00:00",0,867,31,12682,400
1898,"2018-07-12 19:00:00",0,15256,26,26686,997
1882,"2018-07-12 03:00:00",0,16075,182,27615,151
1885,"2018-07-12 06:00:00",0,868,9,12143,1226
1847,"2018-07-10 16:00:00",0,6493,4,23085,4843
1881,"2018-07-12 02:00:00",0,869,73,12309,167
1863,"2018-07-11 08:00:00",0,869,7,13228,1859
1861,"2018-07-11 06:00:00",0,2368,8,14592,1804
1890,"2018-07-12 11:00:00",0,869,18,11576,640
1874,"2018-07-11 19:00:00",0,865,10,12926,1210
1865,"2018-07-11 10:00:00",0,900,7,13926,1809
1884,"2018-07-12 05:00:00",0,870,17,12727,728
1867,"2018-07-11 12:00:00",0,8827,40,23225,575
1879,"2018-07-12 00:00:00",0,866,60,11101,183
1892,"2018-07-12 13:00:00",0,867,14,12407,831
1877,"2018-07-11 22:00:00",0,899,31,12150,390
1870,"2018-07-11 15:00:00",0,880,16,13752,831
1886,"2018-07-12 07:00:00",0,1090,10,18113,1766
1875,"2018-07-11 20:00:00",0,2775,17,14791,864
1876,"2018-07-11 21:00:00",0,894,26,12927,484
1903,"2018-07-13 00:00:00",0,2744,139,17559,126
1888,"2018-07-12 09:00:00",0,896,9,11831,1211
1880,"2018-07-12 01:00:00",0,871,59,12760,215
1900,"2018-07-12 21:00:00",0,1681,42,13245,314
1893,"2018-07-12 14:00:00",0,881,10,10119,938
1901,"2018-07-12 22:00:00",0,896,55,11367,204
1897,"2018-07-12 18:00:00",0,866,5,12865,2188
1889,"2018-07-12 10:00:00",0,3386,26,15114,572
1896,"2018-07-12 17:00:00",0,857,9,12688,1270
1895,"2018-07-12 16:00:00",0,858,11,14063,1190
1899,"2018-07-12 20:00:00",0,22257,63,34524,545
1902,"2018-07-12 23:00:00",0,859,60,10242,170
1906,"2018-07-13 03:00:00",0,869,60,11048,184
1905,"2018-07-13 02:00:00",0,868,118,12758,108
1908,"2018-07-13 05:00:00",0,998,24,15166,628
1910,"2018-07-13 07:00:00",0,40571,29,52424,1753
1911,"2018-07-13 08:00:00",0,5005,10,17090,1625
1912,"2018-07-13 09:00:00",0,5005,10,19408,1893
1913,"2018-07-13 10:00:00",0,39134,37,50518,1336
1914,"2018-07-13 11:00:00",0,868,18,12473,672
1915,"2018-07-13 12:00:00",0,884,24,15585,646
1916,"2018-07-13 13:00:00",0,906,12,11630,906
1917,"2018-07-13 14:00:00",0,868,12,12843,999
1918,"2018-07-13 15:00:00",0,868,23,11408,494
1955,"2018-07-15 04:00:00",0,869,87,12446,143
1919,"2018-07-13 16:00:00",0,1845,16,14362,896
1960,"2018-07-15 09:00:00",0,866,17,13190,764
1934,"2018-07-14 07:00:00",0,65121,96,77376,799
1923,"2018-07-13 20:00:00",0,991,17,13552,769
1968,"2018-07-15 17:00:00",0,911,10,12685,1219
1951,"2018-07-15 00:00:00",0,870,43,12403,283
1975,"2018-07-16 00:00:00",0,866,89,12610,141
1924,"2018-07-13 21:00:00",0,7335,47,24648,519
1932,"2018-07-14 05:00:00",0,870,16,13877,820
1961,"2018-07-15 10:00:00",0,892,15,13409,860
1920,"2018-07-13 17:00:00",0,3888,18,18890,1036
1943,"2018-07-14 16:00:00",0,858,14,12230,852
1941,"2018-07-14 14:00:00",0,874,24,13724,554
1949,"2018-07-14 22:00:00",0,873,31,13098,412
1926,"2018-07-13 23:00:00",0,977,37,11452,305
1925,"2018-07-13 22:00:00",0,996,25,13362,514
1927,"2018-07-14 00:00:00",0,870,49,12144,247
1946,"2018-07-14 19:00:00",0,855,11,11605,1010
1939,"2018-07-14 12:00:00",0,889,17,14374,836
1937,"2018-07-14 10:00:00",0,886,19,13003,657
1973,"2018-07-15 22:00:00",0,857,69,12375,177
1962,"2018-07-15 11:00:00",0,867,22,13355,583
1935,"2018-07-14 08:00:00",0,872,16,13138,808
1921,"2018-07-13 18:00:00",0,880,16,12576,765
1985,"2018-07-16 13:00:00",0,9007,26,23143,887
1967,"2018-07-15 16:00:00",0,24283,75,61066,813
1977,"2018-07-16 02:00:00",0,3379,85,15674,184
1965,"2018-07-15 14:00:00",0,894,12,14698,1216
1945,"2018-07-14 18:00:00",0,868,16,13128,774
1974,"2018-07-15 23:00:00",0,2170,61,13780,224
1948,"2018-07-14 21:00:00",0,3147,26,16108,598
1933,"2018-07-14 06:00:00",0,867,10,12863,1188
1942,"2018-07-14 15:00:00",0,869,27,11675,431
1972,"2018-07-15 21:00:00",0,905,26,13073,490
1976,"2018-07-16 01:00:00",0,896,121,14441,119
1963,"2018-07-15 12:00:00",0,858,10,11374,1035
1922,"2018-07-13 19:00:00",0,5386,24,18146,744
1982,"2018-07-16 10:00:00",0,1689,15,14702,963
1981,"2018-07-16 09:00:00",0,858,10,11940,1126
1979,"2018-07-16 04:00:00",0,872,36,11313,307
1929,"2018-07-14 02:00:00",0,976,48,12289,256
1938,"2018-07-14 11:00:00",0,866,15,14147,914
1928,"2018-07-14 01:00:00",0,866,29,12586,423
1930,"2018-07-14 03:00:00",0,870,64,13967,218
1971,"2018-07-15 20:00:00",0,1422,13,14654,1059
1931,"2018-07-14 04:00:00",0,871,49,11234,229
1957,"2018-07-15 06:00:00",0,8968,45,27937,618
1950,"2018-07-14 23:00:00",0,866,42,11990,283
1936,"2018-07-14 09:00:00",0,866,20,14358,691
1940,"2018-07-14 13:00:00",0,860,17,12046,683
1944,"2018-07-14 17:00:00",0,893,15,12881,851
1956,"2018-07-15 05:00:00",0,857,18,12463,687
1947,"2018-07-14 20:00:00",0,878,25,15491,608
1958,"2018-07-15 07:00:00",0,5772,25,18560,716
1953,"2018-07-15 02:00:00",0,856,76,12412,163
1952,"2018-07-15 01:00:00",0,1085,68,12277,179
1970,"2018-07-15 19:00:00",0,12290,33,50764,1510
1954,"2018-07-15 03:00:00",0,905,83,12794,154
1983,"2018-07-16 11:00:00",0,4206,24,22111,896
1966,"2018-07-15 15:00:00",0,894,14,12352,874
1959,"2018-07-15 08:00:00",0,885,19,24200,1213
1964,"2018-07-15 13:00:00",0,894,13,13068,938
1969,"2018-07-15 18:00:00",0,15148,16,27447,1642
1984,"2018-07-16 12:00:00",0,872,15,13603,893
1978,"2018-07-16 03:00:00",0,895,75,12377,164
1980,"2018-07-16 05:00:00",0,869,12,9196,708
