"id","cnt","ts"
37,44,"2018-04-13 20:00:00"
23,10,"2018-04-13 06:00:00"
16,43,"2018-04-12 05:00:00"
5,75,"2018-04-11 18:00:00"
41,25,"2018-04-14 00:00:00"
10,24,"2018-04-11 23:00:00"
2,49,"2018-04-11 15:00:00"
12,22,"2018-04-12 01:00:00"
49,43,"2018-04-14 08:00:00"
63,29,"2018-04-14 22:00:00"
54,51,"2018-04-14 13:00:00"
24,53,"2018-04-13 07:00:00"
11,23,"2018-04-12 00:00:00"
6,69,"2018-04-11 19:00:00"
17,45,"2018-04-12 06:00:00"
3,64,"2018-04-11 16:00:00"
44,24,"2018-04-14 03:00:00"
13,18,"2018-04-12 02:00:00"
61,55,"2018-04-14 20:00:00"
7,54,"2018-04-11 20:00:00"
48,46,"2018-04-14 07:00:00"
25,61,"2018-04-13 08:00:00"
8,37,"2018-04-11 21:00:00"
4,67,"2018-04-11 17:00:00"
1,40,"2018-04-11 14:00:00"
18,44,"2018-04-12 07:00:00"
40,23,"2018-04-13 23:00:00"
130,62,"2018-04-17 17:00:00"
14,24,"2018-04-12 03:00:00"
26,59,"2018-04-13 09:00:00"
125,44,"2018-04-17 12:00:00"
53,49,"2018-04-14 12:00:00"
9,26,"2018-04-11 22:00:00"
42,24,"2018-04-14 01:00:00"
19,40,"2018-04-12 08:00:00"
107,76,"2018-04-16 18:00:00"
68,31,"2018-04-15 03:00:00"
15,31,"2018-04-12 04:00:00"
27,55,"2018-04-13 10:00:00"
47,37,"2018-04-14 06:00:00"
22,33,"2018-04-12 11:00:00"
76,55,"2018-04-15 11:00:00"
28,54,"2018-04-13 11:00:00"
20,38,"2018-04-12 09:00:00"
52,36,"2018-04-14 11:00:00"
60,58,"2018-04-14 19:00:00"
29,49,"2018-04-13 12:00:00"
21,38,"2018-04-12 10:00:00"
46,32,"2018-04-14 05:00:00"
30,79,"2018-04-13 13:00:00"
92,29,"2018-04-16 03:00:00"
71,37,"2018-04-15 06:00:00"
31,60,"2018-04-13 14:00:00"
103,49,"2018-04-16 14:00:00"
32,47,"2018-04-13 15:00:00"
33,53,"2018-04-13 16:00:00"
59,60,"2018-04-14 18:00:00"
39,36,"2018-04-13 22:00:00"
34,56,"2018-04-13 17:00:00"
51,43,"2018-04-14 10:00:00"
43,23,"2018-04-14 02:00:00"
35,49,"2018-04-13 18:00:00"
36,55,"2018-04-13 19:00:00"
38,39,"2018-04-13 21:00:00"
45,25,"2018-04-14 04:00:00"
64,37,"2018-04-14 23:00:00"
58,58,"2018-04-14 17:00:00"
80,63,"2018-04-15 15:00:00"
124,44,"2018-04-17 11:00:00"
57,52,"2018-04-14 16:00:00"
75,54,"2018-04-15 10:00:00"
142,52,"2018-04-18 05:00:00"
104,61,"2018-04-16 15:00:00"
50,50,"2018-04-14 09:00:00"
84,65,"2018-04-15 19:00:00"
65,22,"2018-04-15 00:00:00"
56,50,"2018-04-14 15:00:00"
141,45,"2018-04-18 04:00:00"
121,39,"2018-04-17 08:00:00"
70,30,"2018-04-15 05:00:00"
62,41,"2018-04-14 21:00:00"
117,25,"2018-04-17 04:00:00"
87,29,"2018-04-15 22:00:00"
55,48,"2018-04-14 14:00:00"
74,59,"2018-04-15 09:00:00"
79,51,"2018-04-15 14:00:00"
98,46,"2018-04-16 09:00:00"
91,23,"2018-04-16 02:00:00"
97,44,"2018-04-16 08:00:00"
73,47,"2018-04-15 08:00:00"
83,76,"2018-04-15 18:00:00"
116,23,"2018-04-17 03:00:00"
67,21,"2018-04-15 02:00:00"
118,44,"2018-04-17 05:00:00"
66,21,"2018-04-15 01:00:00"
78,46,"2018-04-15 13:00:00"
96,44,"2018-04-16 07:00:00"
108,73,"2018-04-16 19:00:00"
105,58,"2018-04-16 16:00:00"
69,34,"2018-04-15 04:00:00"
95,39,"2018-04-16 06:00:00"
72,51,"2018-04-15 07:00:00"
115,21,"2018-04-17 02:00:00"
82,70,"2018-04-15 17:00:00"
77,42,"2018-04-15 12:00:00"
111,29,"2018-04-16 22:00:00"
86,37,"2018-04-15 21:00:00"
145,57,"2018-04-18 08:00:00"
89,20,"2018-04-16 00:00:00"
90,22,"2018-04-16 01:00:00"
144,62,"2018-04-18 07:00:00"
94,36,"2018-04-16 05:00:00"
123,43,"2018-04-17 10:00:00"
81,64,"2018-04-15 16:00:00"
113,29,"2018-04-17 00:00:00"
109,78,"2018-04-16 20:00:00"
133,62,"2018-04-17 20:00:00"
85,64,"2018-04-15 20:00:00"
106,63,"2018-04-16 17:00:00"
93,30,"2018-04-16 04:00:00"
119,47,"2018-04-17 06:00:00"
129,62,"2018-04-17 16:00:00"
114,20,"2018-04-17 01:00:00"
88,18,"2018-04-15 23:00:00"
101,45,"2018-04-16 12:00:00"
99,45,"2018-04-16 10:00:00"
100,45,"2018-04-16 11:00:00"
143,69,"2018-04-18 06:00:00"
137,22,"2018-04-18 00:00:00"
102,58,"2018-04-16 13:00:00"
140,40,"2018-04-18 03:00:00"
135,27,"2018-04-17 22:00:00"
112,30,"2018-04-16 23:00:00"
110,49,"2018-04-16 21:00:00"
122,40,"2018-04-17 09:00:00"
120,48,"2018-04-17 07:00:00"
138,36,"2018-04-18 01:00:00"
126,48,"2018-04-17 13:00:00"
136,29,"2018-04-17 23:00:00"
131,69,"2018-04-17 18:00:00"
127,53,"2018-04-17 14:00:00"
128,49,"2018-04-17 15:00:00"
132,70,"2018-04-17 19:00:00"
134,47,"2018-04-17 21:00:00"
139,36,"2018-04-18 02:00:00"
185,21,"2018-04-20 00:00:00"
201,41,"2018-04-20 16:00:00"
161,20,"2018-04-19 00:00:00"
156,82,"2018-04-18 19:00:00"
287,44,"2018-04-24 07:00:00"
177,54,"2018-04-19 16:00:00"
286,45,"2018-04-24 06:00:00"
174,38,"2018-04-19 13:00:00"
154,78,"2018-04-18 17:00:00"
164,22,"2018-04-19 03:00:00"
152,73,"2018-04-18 15:00:00"
232,52,"2018-04-21 23:00:00"
282,22,"2018-04-24 02:00:00"
254,29,"2018-04-22 22:00:00"
150,65,"2018-04-18 13:00:00"
169,48,"2018-04-19 08:00:00"
148,63,"2018-04-18 11:00:00"
225,55,"2018-04-21 16:00:00"
146,60,"2018-04-18 09:00:00"
256,22,"2018-04-23 00:00:00"
159,30,"2018-04-18 22:00:00"
223,50,"2018-04-21 14:00:00"
198,41,"2018-04-20 13:00:00"
180,63,"2018-04-19 19:00:00"
162,18,"2018-04-19 01:00:00"
192,43,"2018-04-20 07:00:00"
167,45,"2018-04-19 06:00:00"
195,42,"2018-04-20 10:00:00"
189,29,"2018-04-20 04:00:00"
157,77,"2018-04-18 20:00:00"
172,37,"2018-04-19 11:00:00"
183,50,"2018-04-19 22:00:00"
155,89,"2018-04-18 18:00:00"
153,70,"2018-04-18 16:00:00"
210,24,"2018-04-21 01:00:00"
175,41,"2018-04-19 14:00:00"
151,64,"2018-04-18 14:00:00"
186,24,"2018-04-20 01:00:00"
149,68,"2018-04-18 12:00:00"
165,30,"2018-04-19 04:00:00"
147,58,"2018-04-18 10:00:00"
205,52,"2018-04-20 20:00:00"
227,58,"2018-04-21 18:00:00"
160,25,"2018-04-18 23:00:00"
178,60,"2018-04-19 17:00:00"
170,44,"2018-04-19 09:00:00"
248,60,"2018-04-22 16:00:00"
163,18,"2018-04-19 02:00:00"
218,45,"2018-04-21 09:00:00"
258,26,"2018-04-23 02:00:00"
202,55,"2018-04-20 17:00:00"
215,49,"2018-04-21 06:00:00"
158,44,"2018-04-18 21:00:00"
235,24,"2018-04-22 02:00:00"
168,43,"2018-04-19 07:00:00"
211,25,"2018-04-21 02:00:00"
181,56,"2018-04-19 20:00:00"
229,46,"2018-04-21 20:00:00"
173,41,"2018-04-19 12:00:00"
166,36,"2018-04-19 05:00:00"
176,52,"2018-04-19 15:00:00"
274,81,"2018-04-23 18:00:00"
267,46,"2018-04-23 11:00:00"
199,43,"2018-04-20 14:00:00"
187,24,"2018-04-20 02:00:00"
184,27,"2018-04-19 23:00:00"
193,43,"2018-04-20 08:00:00"
171,37,"2018-04-19 10:00:00"
190,38,"2018-04-20 05:00:00"
221,54,"2018-04-21 12:00:00"
179,70,"2018-04-19 18:00:00"
196,47,"2018-04-20 11:00:00"
265,43,"2018-04-23 09:00:00"
206,42,"2018-04-20 21:00:00"
252,60,"2018-04-22 20:00:00"
249,70,"2018-04-22 17:00:00"
240,40,"2018-04-22 08:00:00"
182,43,"2018-04-19 21:00:00"
212,23,"2018-04-21 03:00:00"
203,54,"2018-04-20 18:00:00"
231,36,"2018-04-21 22:00:00"
289,45,"2018-04-24 09:00:00"
271,61,"2018-04-23 15:00:00"
188,27,"2018-04-20 03:00:00"
270,48,"2018-04-23 14:00:00"
191,46,"2018-04-20 06:00:00"
238,28,"2018-04-22 05:00:00"
207,25,"2018-04-20 22:00:00"
194,50,"2018-04-20 09:00:00"
200,48,"2018-04-20 15:00:00"
216,51,"2018-04-21 07:00:00"
197,48,"2018-04-20 12:00:00"
219,46,"2018-04-21 10:00:00"
280,25,"2018-04-24 00:00:00"
234,22,"2018-04-22 01:00:00"
226,55,"2018-04-21 17:00:00"
224,50,"2018-04-21 15:00:00"
213,23,"2018-04-21 04:00:00"
208,21,"2018-04-20 23:00:00"
269,42,"2018-04-23 13:00:00"
204,57,"2018-04-20 19:00:00"
255,22,"2018-04-22 23:00:00"
233,32,"2018-04-22 00:00:00"
222,45,"2018-04-21 13:00:00"
228,60,"2018-04-21 19:00:00"
257,21,"2018-04-23 01:00:00"
243,48,"2018-04-22 11:00:00"
237,24,"2018-04-22 04:00:00"
250,82,"2018-04-22 18:00:00"
209,23,"2018-04-21 00:00:00"
242,50,"2018-04-22 10:00:00"
217,45,"2018-04-21 08:00:00"
214,30,"2018-04-21 05:00:00"
244,56,"2018-04-22 12:00:00"
230,45,"2018-04-21 21:00:00"
241,54,"2018-04-22 09:00:00"
220,46,"2018-04-21 11:00:00"
288,43,"2018-04-24 08:00:00"
272,64,"2018-04-23 16:00:00"
245,52,"2018-04-22 13:00:00"
253,39,"2018-04-22 21:00:00"
236,23,"2018-04-22 03:00:00"
266,41,"2018-04-23 10:00:00"
239,34,"2018-04-22 06:00:00"
262,46,"2018-04-23 06:00:00"
246,58,"2018-04-22 14:00:00"
261,34,"2018-04-23 05:00:00"
260,28,"2018-04-23 04:00:00"
283,22,"2018-04-24 03:00:00"
247,53,"2018-04-22 15:00:00"
263,46,"2018-04-23 07:00:00"
251,70,"2018-04-22 19:00:00"
259,26,"2018-04-23 03:00:00"
278,30,"2018-04-23 22:00:00"
277,44,"2018-04-23 21:00:00"
268,44,"2018-04-23 12:00:00"
264,46,"2018-04-23 08:00:00"
276,66,"2018-04-23 20:00:00"
273,71,"2018-04-23 17:00:00"
285,45,"2018-04-24 05:00:00"
275,76,"2018-04-23 19:00:00"
279,26,"2018-04-23 23:00:00"
281,24,"2018-04-24 01:00:00"
290,48,"2018-04-24 10:00:00"
284,40,"2018-04-24 04:00:00"
291,45,"2018-04-24 11:00:00"
314,59,"2018-04-25 10:00:00"
343,51,"2018-04-26 15:00:00"
369,54,"2018-04-27 17:00:00"
292,43,"2018-04-24 12:00:00"
315,58,"2018-04-25 11:00:00"
380,24,"2018-04-28 04:00:00"
371,50,"2018-04-27 19:00:00"
353,19,"2018-04-27 01:00:00"
316,59,"2018-04-25 12:00:00"
293,45,"2018-04-24 13:00:00"
367,51,"2018-04-27 15:00:00"
344,55,"2018-04-26 16:00:00"
306,19,"2018-04-25 02:00:00"
302,24,"2018-04-24 22:00:00"
317,59,"2018-04-25 13:00:00"
294,54,"2018-04-24 14:00:00"
359,40,"2018-04-27 07:00:00"
362,36,"2018-04-27 10:00:00"
354,25,"2018-04-27 02:00:00"
318,63,"2018-04-25 14:00:00"
355,20,"2018-04-27 03:00:00"
295,49,"2018-04-24 15:00:00"
319,63,"2018-04-25 15:00:00"
383,56,"2018-04-28 07:00:00"
345,61,"2018-04-26 17:00:00"
304,21,"2018-04-25 00:00:00"
296,52,"2018-04-24 16:00:00"
320,79,"2018-04-25 16:00:00"
419,59,"2018-04-29 19:00:00"
373,34,"2018-04-27 21:00:00"
321,88,"2018-04-25 17:00:00"
297,68,"2018-04-24 17:00:00"
356,27,"2018-04-27 04:00:00"
322,74,"2018-04-25 18:00:00"
301,53,"2018-04-24 21:00:00"
298,69,"2018-04-24 18:00:00"
375,24,"2018-04-27 23:00:00"
346,62,"2018-04-26 18:00:00"
305,19,"2018-04-25 01:00:00"
323,83,"2018-04-25 19:00:00"
299,72,"2018-04-24 19:00:00"
424,16,"2018-04-30 00:00:00"
365,39,"2018-04-27 13:00:00"
328,35,"2018-04-26 00:00:00"
324,72,"2018-04-25 20:00:00"
300,57,"2018-04-24 20:00:00"
423,21,"2018-04-29 23:00:00"
406,36,"2018-04-29 06:00:00"
325,53,"2018-04-25 21:00:00"
404,20,"2018-04-29 04:00:00"
326,45,"2018-04-25 22:00:00"
327,35,"2018-04-25 23:00:00"
395,52,"2018-04-28 19:00:00"
378,20,"2018-04-28 02:00:00"
308,28,"2018-04-25 04:00:00"
386,43,"2018-04-28 10:00:00"
307,18,"2018-04-25 03:00:00"
309,41,"2018-04-25 05:00:00"
303,24,"2018-04-24 23:00:00"
347,60,"2018-04-26 19:00:00"
360,40,"2018-04-27 08:00:00"
382,38,"2018-04-28 06:00:00"
310,46,"2018-04-25 06:00:00"
416,55,"2018-04-29 16:00:00"
415,49,"2018-04-29 15:00:00"
331,21,"2018-04-26 03:00:00"
401,15,"2018-04-29 01:00:00"
311,39,"2018-04-25 07:00:00"
363,43,"2018-04-27 11:00:00"
332,29,"2018-04-26 04:00:00"
357,39,"2018-04-27 05:00:00"
348,51,"2018-04-26 20:00:00"
333,41,"2018-04-26 05:00:00"
312,47,"2018-04-25 08:00:00"
334,45,"2018-04-26 06:00:00"
335,36,"2018-04-26 07:00:00"
313,40,"2018-04-25 09:00:00"
330,26,"2018-04-26 02:00:00"
396,49,"2018-04-28 20:00:00"
336,46,"2018-04-26 08:00:00"
337,42,"2018-04-26 09:00:00"
403,20,"2018-04-29 03:00:00"
338,46,"2018-04-26 10:00:00"
329,20,"2018-04-26 01:00:00"
385,43,"2018-04-28 09:00:00"
397,39,"2018-04-28 21:00:00"
349,36,"2018-04-26 21:00:00"
368,48,"2018-04-27 16:00:00"
339,40,"2018-04-26 11:00:00"
370,49,"2018-04-27 18:00:00"
350,26,"2018-04-26 22:00:00"
340,46,"2018-04-26 12:00:00"
351,18,"2018-04-26 23:00:00"
352,21,"2018-04-27 00:00:00"
390,39,"2018-04-28 14:00:00"
372,47,"2018-04-27 20:00:00"
341,42,"2018-04-26 13:00:00"
366,41,"2018-04-27 14:00:00"
421,34,"2018-04-29 21:00:00"
374,24,"2018-04-27 22:00:00"
342,42,"2018-04-26 14:00:00"
361,35,"2018-04-27 09:00:00"
358,35,"2018-04-27 06:00:00"
391,42,"2018-04-28 15:00:00"
377,19,"2018-04-28 01:00:00"
376,18,"2018-04-28 00:00:00"
389,44,"2018-04-28 13:00:00"
399,25,"2018-04-28 23:00:00"
364,40,"2018-04-27 12:00:00"
381,30,"2018-04-28 05:00:00"
412,42,"2018-04-29 12:00:00"
414,47,"2018-04-29 14:00:00"
379,24,"2018-04-28 03:00:00"
405,28,"2018-04-29 05:00:00"
392,43,"2018-04-28 16:00:00"
384,38,"2018-04-28 08:00:00"
388,37,"2018-04-28 12:00:00"
422,34,"2018-04-29 22:00:00"
417,55,"2018-04-29 17:00:00"
393,55,"2018-04-28 17:00:00"
387,45,"2018-04-28 11:00:00"
420,54,"2018-04-29 20:00:00"
413,42,"2018-04-29 13:00:00"
402,19,"2018-04-29 02:00:00"
418,59,"2018-04-29 18:00:00"
394,52,"2018-04-28 18:00:00"
410,43,"2018-04-29 10:00:00"
409,53,"2018-04-29 09:00:00"
400,17,"2018-04-29 00:00:00"
398,31,"2018-04-28 22:00:00"
408,50,"2018-04-29 08:00:00"
407,45,"2018-04-29 07:00:00"
440,49,"2018-04-30 16:00:00"
434,58,"2018-04-30 10:00:00"
411,41,"2018-04-29 11:00:00"
432,144,"2018-04-30 08:00:00"
426,19,"2018-04-30 02:00:00"
438,59,"2018-04-30 14:00:00"
430,56,"2018-04-30 06:00:00"
436,63,"2018-04-30 12:00:00"
442,60,"2018-04-30 18:00:00"
425,17,"2018-04-30 01:00:00"
444,57,"2018-04-30 20:00:00"
427,20,"2018-04-30 03:00:00"
445,47,"2018-04-30 21:00:00"
443,110,"2018-04-30 19:00:00"
441,63,"2018-04-30 17:00:00"
439,65,"2018-04-30 15:00:00"
437,59,"2018-04-30 13:00:00"
435,57,"2018-04-30 11:00:00"
433,60,"2018-04-30 09:00:00"
431,55,"2018-04-30 07:00:00"
429,52,"2018-04-30 05:00:00"
428,23,"2018-04-30 04:00:00"
447,38,"2018-04-30 23:00:00"
446,45,"2018-04-30 22:00:00"
473,20,"2018-05-02 01:00:00"
462,44,"2018-05-01 14:00:00"
450,20,"2018-05-01 02:00:00"
511,46,"2018-05-04 05:00:00"
448,34,"2018-05-01 00:00:00"
454,44,"2018-05-01 06:00:00"
458,53,"2018-05-01 10:00:00"
468,59,"2018-05-01 20:00:00"
542,53,"2018-05-05 12:00:00"
474,21,"2018-05-02 02:00:00"
581,20,"2018-05-07 03:00:00"
469,40,"2018-05-01 21:00:00"
463,49,"2018-05-01 15:00:00"
531,21,"2018-05-05 01:00:00"
459,57,"2018-05-01 11:00:00"
455,41,"2018-05-01 07:00:00"
451,17,"2018-05-01 03:00:00"
500,62,"2018-05-03 18:00:00"
475,21,"2018-05-02 03:00:00"
521,40,"2018-05-04 15:00:00"
499,64,"2018-05-03 17:00:00"
470,26,"2018-05-01 22:00:00"
449,37,"2018-05-01 01:00:00"
464,50,"2018-05-01 16:00:00"
460,56,"2018-05-01 12:00:00"
456,59,"2018-05-01 08:00:00"
452,22,"2018-05-01 04:00:00"
453,34,"2018-05-01 05:00:00"
510,26,"2018-05-04 04:00:00"
498,62,"2018-05-03 16:00:00"
479,42,"2018-05-02 07:00:00"
476,26,"2018-05-02 04:00:00"
471,31,"2018-05-01 23:00:00"
465,67,"2018-05-01 17:00:00"
457,58,"2018-05-01 09:00:00"
461,48,"2018-05-01 13:00:00"
561,41,"2018-05-06 07:00:00"
497,50,"2018-05-03 15:00:00"
480,40,"2018-05-02 08:00:00"
477,41,"2018-05-02 05:00:00"
472,28,"2018-05-02 00:00:00"
525,54,"2018-05-04 19:00:00"
466,63,"2018-05-01 18:00:00"
517,40,"2018-05-04 11:00:00"
478,41,"2018-05-02 06:00:00"
496,58,"2018-05-03 14:00:00"
467,67,"2018-05-01 19:00:00"
495,45,"2018-05-03 13:00:00"
574,59,"2018-05-06 20:00:00"
533,15,"2018-05-05 03:00:00"
494,40,"2018-05-03 12:00:00"
532,22,"2018-05-05 02:00:00"
506,22,"2018-05-04 00:00:00"
509,25,"2018-05-04 03:00:00"
493,40,"2018-05-03 11:00:00"
486,27,"2018-05-03 04:00:00"
489,56,"2018-05-03 07:00:00"
487,39,"2018-05-03 05:00:00"
482,24,"2018-05-03 00:00:00"
485,23,"2018-05-03 03:00:00"
484,26,"2018-05-03 02:00:00"
488,46,"2018-05-03 06:00:00"
481,33,"2018-05-02 09:00:00"
483,25,"2018-05-03 01:00:00"
490,41,"2018-05-03 08:00:00"
491,39,"2018-05-03 09:00:00"
492,40,"2018-05-03 10:00:00"
556,18,"2018-05-06 02:00:00"
577,23,"2018-05-06 23:00:00"
505,32,"2018-05-03 23:00:00"
516,40,"2018-05-04 10:00:00"
504,29,"2018-05-03 22:00:00"
508,24,"2018-05-04 02:00:00"
520,49,"2018-05-04 14:00:00"
527,38,"2018-05-04 21:00:00"
503,47,"2018-05-03 21:00:00"
537,42,"2018-05-05 07:00:00"
515,43,"2018-05-04 09:00:00"
507,28,"2018-05-04 01:00:00"
524,50,"2018-05-04 18:00:00"
502,51,"2018-05-03 20:00:00"
541,64,"2018-05-05 11:00:00"
501,73,"2018-05-03 19:00:00"
514,41,"2018-05-04 08:00:00"
578,23,"2018-05-07 00:00:00"
573,58,"2018-05-06 19:00:00"
569,45,"2018-05-06 15:00:00"
557,20,"2018-05-06 03:00:00"
519,41,"2018-05-04 13:00:00"
513,42,"2018-05-04 07:00:00"
528,31,"2018-05-04 22:00:00"
560,42,"2018-05-06 06:00:00"
512,45,"2018-05-04 06:00:00"
523,50,"2018-05-04 17:00:00"
558,28,"2018-05-06 04:00:00"
529,20,"2018-05-04 23:00:00"
540,68,"2018-05-05 10:00:00"
518,38,"2018-05-04 12:00:00"
534,22,"2018-05-05 04:00:00"
572,57,"2018-05-06 18:00:00"
522,40,"2018-05-04 16:00:00"
530,22,"2018-05-05 00:00:00"
526,45,"2018-05-04 20:00:00"
576,29,"2018-05-06 22:00:00"
564,45,"2018-05-06 10:00:00"
536,39,"2018-05-05 06:00:00"
565,43,"2018-05-06 11:00:00"
539,50,"2018-05-05 09:00:00"
589,36,"2018-05-07 11:00:00"
571,57,"2018-05-06 17:00:00"
545,50,"2018-05-05 15:00:00"
546,51,"2018-05-05 16:00:00"
552,27,"2018-05-05 22:00:00"
551,36,"2018-05-05 21:00:00"
547,46,"2018-05-05 17:00:00"
544,46,"2018-05-05 14:00:00"
559,28,"2018-05-06 05:00:00"
548,53,"2018-05-05 18:00:00"
538,44,"2018-05-05 08:00:00"
535,30,"2018-05-05 05:00:00"
563,41,"2018-05-06 09:00:00"
549,46,"2018-05-05 19:00:00"
543,56,"2018-05-05 13:00:00"
566,44,"2018-05-06 12:00:00"
553,25,"2018-05-05 23:00:00"
567,45,"2018-05-06 13:00:00"
550,47,"2018-05-05 20:00:00"
554,20,"2018-05-06 00:00:00"
575,35,"2018-05-06 21:00:00"
562,42,"2018-05-06 08:00:00"
555,21,"2018-05-06 01:00:00"
591,50,"2018-05-07 13:00:00"
568,39,"2018-05-06 14:00:00"
570,55,"2018-05-06 16:00:00"
579,20,"2018-05-07 01:00:00"
580,19,"2018-05-07 02:00:00"
597,68,"2018-05-07 19:00:00"
587,45,"2018-05-07 09:00:00"
582,26,"2018-05-07 04:00:00"
585,46,"2018-05-07 07:00:00"
595,74,"2018-05-07 17:00:00"
601,36,"2018-05-07 23:00:00"
599,47,"2018-05-07 21:00:00"
583,38,"2018-05-07 05:00:00"
593,57,"2018-05-07 15:00:00"
614,54,"2018-05-08 12:00:00"
607,48,"2018-05-08 05:00:00"
635,44,"2018-05-09 09:00:00"
697,26,"2018-05-11 23:00:00"
622,58,"2018-05-08 20:00:00"
645,84,"2018-05-09 19:00:00"
594,63,"2018-05-07 16:00:00"
590,52,"2018-05-07 12:00:00"
586,40,"2018-05-07 08:00:00"
642,57,"2018-05-09 16:00:00"
598,65,"2018-05-07 20:00:00"
612,52,"2018-05-08 10:00:00"
605,35,"2018-05-08 03:00:00"
625,24,"2018-05-08 23:00:00"
709,40,"2018-05-12 11:00:00"
661,46,"2018-05-10 11:00:00"
617,54,"2018-05-08 15:00:00"
676,21,"2018-05-11 02:00:00"
654,29,"2018-05-10 04:00:00"
610,72,"2018-05-08 08:00:00"
584,45,"2018-05-07 06:00:00"
603,35,"2018-05-08 01:00:00"
682,49,"2018-05-11 08:00:00"
600,45,"2018-05-07 22:00:00"
630,36,"2018-05-09 04:00:00"
639,45,"2018-05-09 13:00:00"
730,43,"2018-05-13 08:00:00"
608,53,"2018-05-08 06:00:00"
620,67,"2018-05-08 18:00:00"
592,50,"2018-05-07 14:00:00"
722,23,"2018-05-13 00:00:00"
615,59,"2018-05-08 13:00:00"
588,31,"2018-05-07 10:00:00"
665,57,"2018-05-10 15:00:00"
627,25,"2018-05-09 01:00:00"
596,67,"2018-05-07 18:00:00"
606,40,"2018-05-08 04:00:00"
633,43,"2018-05-09 07:00:00"
602,29,"2018-05-08 00:00:00"
720,24,"2018-05-12 22:00:00"
623,42,"2018-05-08 21:00:00"
613,52,"2018-05-08 11:00:00"
649,29,"2018-05-09 23:00:00"
604,36,"2018-05-08 02:00:00"
626,20,"2018-05-09 00:00:00"
672,34,"2018-05-10 22:00:00"
658,40,"2018-05-10 08:00:00"
618,65,"2018-05-08 16:00:00"
611,69,"2018-05-08 09:00:00"
636,43,"2018-05-09 10:00:00"
651,25,"2018-05-10 01:00:00"
705,38,"2018-05-12 07:00:00"
609,63,"2018-05-08 07:00:00"
646,60,"2018-05-09 20:00:00"
643,75,"2018-05-09 17:00:00"
640,44,"2018-05-09 14:00:00"
628,23,"2018-05-09 02:00:00"
621,71,"2018-05-08 19:00:00"
616,65,"2018-05-08 14:00:00"
670,58,"2018-05-10 20:00:00"
631,40,"2018-05-09 05:00:00"
624,31,"2018-05-08 22:00:00"
674,29,"2018-05-11 00:00:00"
698,19,"2018-05-12 00:00:00"
727,27,"2018-05-13 05:00:00"
662,40,"2018-05-10 12:00:00"
634,41,"2018-05-09 08:00:00"
619,55,"2018-05-08 17:00:00"
668,67,"2018-05-10 18:00:00"
655,40,"2018-05-10 05:00:00"
699,20,"2018-05-12 01:00:00"
678,27,"2018-05-11 04:00:00"
650,27,"2018-05-10 00:00:00"
637,41,"2018-05-09 11:00:00"
702,28,"2018-05-12 04:00:00"
629,25,"2018-05-09 03:00:00"
685,43,"2018-05-11 11:00:00"
652,22,"2018-05-10 02:00:00"
681,48,"2018-05-11 07:00:00"
641,50,"2018-05-09 15:00:00"
647,55,"2018-05-09 21:00:00"
632,45,"2018-05-09 06:00:00"
644,79,"2018-05-09 18:00:00"
663,44,"2018-05-10 13:00:00"
659,40,"2018-05-10 09:00:00"
721,22,"2018-05-12 23:00:00"
708,42,"2018-05-12 10:00:00"
638,35,"2018-05-09 12:00:00"
714,49,"2018-05-12 16:00:00"
666,51,"2018-05-10 16:00:00"
732,52,"2018-05-13 10:00:00"
675,25,"2018-05-11 01:00:00"
725,14,"2018-05-13 03:00:00"
656,49,"2018-05-10 06:00:00"
712,38,"2018-05-12 14:00:00"
704,31,"2018-05-12 06:00:00"
684,48,"2018-05-11 10:00:00"
653,21,"2018-05-10 03:00:00"
648,53,"2018-05-09 22:00:00"
718,42,"2018-05-12 20:00:00"
680,54,"2018-05-11 06:00:00"
660,38,"2018-05-10 10:00:00"
700,22,"2018-05-12 02:00:00"
671,45,"2018-05-10 21:00:00"
673,30,"2018-05-10 23:00:00"
664,41,"2018-05-10 14:00:00"
669,67,"2018-05-10 19:00:00"
677,25,"2018-05-11 03:00:00"
691,53,"2018-05-11 17:00:00"
690,54,"2018-05-11 16:00:00"
657,46,"2018-05-10 07:00:00"
689,52,"2018-05-11 15:00:00"
692,51,"2018-05-11 18:00:00"
667,60,"2018-05-10 17:00:00"
707,43,"2018-05-12 09:00:00"
688,47,"2018-05-11 14:00:00"
683,46,"2018-05-11 09:00:00"
716,54,"2018-05-12 18:00:00"
694,44,"2018-05-11 20:00:00"
693,53,"2018-05-11 19:00:00"
687,46,"2018-05-11 13:00:00"
679,38,"2018-05-11 05:00:00"
711,38,"2018-05-12 13:00:00"
695,36,"2018-05-11 21:00:00"
724,20,"2018-05-13 02:00:00"
686,39,"2018-05-11 12:00:00"
723,19,"2018-05-13 01:00:00"
701,23,"2018-05-12 03:00:00"
719,31,"2018-05-12 21:00:00"
696,33,"2018-05-11 22:00:00"
710,34,"2018-05-12 12:00:00"
703,33,"2018-05-12 05:00:00"
706,41,"2018-05-12 08:00:00"
713,49,"2018-05-12 15:00:00"
717,44,"2018-05-12 19:00:00"
729,43,"2018-05-13 07:00:00"
728,36,"2018-05-13 06:00:00"
726,21,"2018-05-13 04:00:00"
715,52,"2018-05-12 17:00:00"
733,42,"2018-05-13 11:00:00"
731,52,"2018-05-13 09:00:00"
737,33,"2018-05-13 15:00:00"
741,52,"2018-05-13 19:00:00"
739,41,"2018-05-13 17:00:00"
734,46,"2018-05-13 12:00:00"
855,52,"2018-05-18 13:00:00"
765,81,"2018-05-14 19:00:00"
777,41,"2018-05-15 07:00:00"
769,25,"2018-05-14 23:00:00"
766,65,"2018-05-14 20:00:00"
770,33,"2018-05-15 00:00:00"
767,42,"2018-05-14 21:00:00"
768,37,"2018-05-14 22:00:00"
778,36,"2018-05-15 08:00:00"
779,44,"2018-05-15 09:00:00"
785,54,"2018-05-15 15:00:00"
780,44,"2018-05-15 10:00:00"
783,55,"2018-05-15 13:00:00"
782,36,"2018-05-15 12:00:00"
781,45,"2018-05-15 11:00:00"
746,23,"2018-05-14 00:00:00"
784,49,"2018-05-15 14:00:00"
820,40,"2018-05-17 02:00:00"
786,55,"2018-05-15 16:00:00"
835,65,"2018-05-17 17:00:00"
745,16,"2018-05-13 23:00:00"
795,25,"2018-05-16 01:00:00"
744,24,"2018-05-13 22:00:00"
808,61,"2018-05-16 14:00:00"
801,55,"2018-05-16 07:00:00"
787,66,"2018-05-15 17:00:00"
834,49,"2018-05-17 16:00:00"
743,32,"2018-05-13 21:00:00"
866,18,"2018-05-19 00:00:00"
805,55,"2018-05-16 11:00:00"
788,67,"2018-05-15 18:00:00"
742,39,"2018-05-13 20:00:00"
836,64,"2018-05-17 18:00:00"
738,37,"2018-05-13 16:00:00"
740,50,"2018-05-13 18:00:00"
796,21,"2018-05-16 02:00:00"
833,48,"2018-05-17 15:00:00"
825,61,"2018-05-17 07:00:00"
811,75,"2018-05-16 17:00:00"
736,34,"2018-05-13 14:00:00"
789,75,"2018-05-15 19:00:00"
822,41,"2018-05-17 04:00:00"
851,37,"2018-05-18 09:00:00"
843,25,"2018-05-18 01:00:00"
828,41,"2018-05-17 10:00:00"
752,29,"2018-05-14 06:00:00"
802,53,"2018-05-16 08:00:00"
753,39,"2018-05-14 07:00:00"
790,64,"2018-05-15 20:00:00"
797,27,"2018-05-16 03:00:00"
751,36,"2018-05-14 05:00:00"
735,41,"2018-05-13 13:00:00"
749,17,"2018-05-14 03:00:00"
750,23,"2018-05-14 04:00:00"
756,40,"2018-05-14 10:00:00"
754,36,"2018-05-14 08:00:00"
755,36,"2018-05-14 09:00:00"
748,18,"2018-05-14 02:00:00"
747,16,"2018-05-14 01:00:00"
837,63,"2018-05-17 19:00:00"
818,34,"2018-05-17 00:00:00"
816,45,"2018-05-16 22:00:00"
757,39,"2018-05-14 11:00:00"
791,52,"2018-05-15 21:00:00"
759,42,"2018-05-14 13:00:00"
832,50,"2018-05-17 14:00:00"
758,40,"2018-05-14 12:00:00"
760,44,"2018-05-14 14:00:00"
814,67,"2018-05-16 20:00:00"
761,48,"2018-05-14 15:00:00"
798,31,"2018-05-16 04:00:00"
806,50,"2018-05-16 12:00:00"
792,35,"2018-05-15 22:00:00"
762,55,"2018-05-14 16:00:00"
809,54,"2018-05-16 15:00:00"
872,38,"2018-05-19 06:00:00"
856,45,"2018-05-18 14:00:00"
763,68,"2018-05-14 17:00:00"
838,54,"2018-05-17 20:00:00"
868,16,"2018-05-19 02:00:00"
831,49,"2018-05-17 13:00:00"
764,59,"2018-05-14 18:00:00"
793,27,"2018-05-15 23:00:00"
803,46,"2018-05-16 09:00:00"
819,37,"2018-05-17 01:00:00"
799,41,"2018-05-16 05:00:00"
773,23,"2018-05-15 03:00:00"
772,20,"2018-05-15 02:00:00"
774,29,"2018-05-15 04:00:00"
771,21,"2018-05-15 01:00:00"
824,69,"2018-05-17 06:00:00"
794,26,"2018-05-16 00:00:00"
775,31,"2018-05-15 05:00:00"
812,79,"2018-05-16 18:00:00"
847,39,"2018-05-18 05:00:00"
776,45,"2018-05-15 06:00:00"
844,18,"2018-05-18 02:00:00"
827,42,"2018-05-17 09:00:00"
821,35,"2018-05-17 03:00:00"
839,52,"2018-05-17 21:00:00"
807,63,"2018-05-16 13:00:00"
850,43,"2018-05-18 08:00:00"
840,40,"2018-05-17 22:00:00"
830,46,"2018-05-17 12:00:00"
800,48,"2018-05-16 06:00:00"
810,73,"2018-05-16 16:00:00"
804,54,"2018-05-16 10:00:00"
863,40,"2018-05-18 21:00:00"
817,40,"2018-05-16 23:00:00"
859,57,"2018-05-18 17:00:00"
841,37,"2018-05-17 23:00:00"
815,71,"2018-05-16 21:00:00"
857,59,"2018-05-18 15:00:00"
845,24,"2018-05-18 03:00:00"
823,68,"2018-05-17 05:00:00"
842,19,"2018-05-18 00:00:00"
813,86,"2018-05-16 19:00:00"
871,32,"2018-05-19 05:00:00"
826,55,"2018-05-17 08:00:00"
862,51,"2018-05-18 20:00:00"
849,44,"2018-05-18 07:00:00"
829,42,"2018-05-17 11:00:00"
886,51,"2018-05-19 20:00:00"
873,56,"2018-05-19 07:00:00"
861,47,"2018-05-18 19:00:00"
846,27,"2018-05-18 04:00:00"
884,53,"2018-05-19 18:00:00"
880,46,"2018-05-19 14:00:00"
858,61,"2018-05-18 16:00:00"
848,46,"2018-05-18 06:00:00"
853,52,"2018-05-18 11:00:00"
854,56,"2018-05-18 12:00:00"
852,47,"2018-05-18 10:00:00"
869,20,"2018-05-19 03:00:00"
870,21,"2018-05-19 04:00:00"
878,44,"2018-05-19 12:00:00"
876,49,"2018-05-19 10:00:00"
860,53,"2018-05-18 18:00:00"
867,15,"2018-05-19 01:00:00"
865,22,"2018-05-18 23:00:00"
864,27,"2018-05-18 22:00:00"
888,36,"2018-05-19 22:00:00"
882,51,"2018-05-19 16:00:00"
890,23,"2018-05-20 00:00:00"
874,40,"2018-05-19 08:00:00"
937,26,"2018-05-21 23:00:00"
1013,43,"2018-05-25 09:00:00"
946,39,"2018-05-22 08:00:00"
1006,23,"2018-05-25 02:00:00"
895,29,"2018-05-20 05:00:00"
985,37,"2018-05-24 05:00:00"
939,21,"2018-05-22 01:00:00"
961,45,"2018-05-23 05:00:00"
901,50,"2018-05-20 11:00:00"
963,47,"2018-05-23 07:00:00"
938,21,"2018-05-22 00:00:00"
907,61,"2018-05-20 17:00:00"
959,22,"2018-05-23 03:00:00"
974,82,"2018-05-23 18:00:00"
940,23,"2018-05-22 02:00:00"
970,48,"2018-05-23 14:00:00"
955,25,"2018-05-22 23:00:00"
1010,51,"2018-05-25 06:00:00"
941,22,"2018-05-22 03:00:00"
914,22,"2018-05-21 00:00:00"
900,54,"2018-05-20 10:00:00"
889,26,"2018-05-19 23:00:00"
894,32,"2018-05-20 04:00:00"
965,43,"2018-05-23 09:00:00"
947,36,"2018-05-22 09:00:00"
992,45,"2018-05-24 12:00:00"
926,44,"2018-05-21 12:00:00"
906,66,"2018-05-20 16:00:00"
887,46,"2018-05-19 21:00:00"
952,34,"2018-05-22 20:00:00"
942,24,"2018-05-22 04:00:00"
925,64,"2018-05-21 11:00:00"
913,22,"2018-05-20 23:00:00"
927,44,"2018-05-21 13:00:00"
899,56,"2018-05-20 09:00:00"
924,49,"2018-05-21 10:00:00"
923,40,"2018-05-21 09:00:00"
885,57,"2018-05-19 19:00:00"
893,18,"2018-05-20 03:00:00"
928,42,"2018-05-21 14:00:00"
922,46,"2018-05-21 08:00:00"
1021,43,"2018-05-25 17:00:00"
1012,46,"2018-05-25 08:00:00"
905,63,"2018-05-20 15:00:00"
921,45,"2018-05-21 07:00:00"
883,45,"2018-05-19 17:00:00"
912,28,"2018-05-20 22:00:00"
989,40,"2018-05-24 09:00:00"
929,51,"2018-05-21 15:00:00"
898,48,"2018-05-20 08:00:00"
881,46,"2018-05-19 15:00:00"
892,21,"2018-05-20 02:00:00"
920,42,"2018-05-21 06:00:00"
1003,42,"2018-05-24 23:00:00"
957,26,"2018-05-23 01:00:00"
948,42,"2018-05-22 10:00:00"
879,44,"2018-05-19 13:00:00"
930,54,"2018-05-21 16:00:00"
919,34,"2018-05-21 05:00:00"
875,38,"2018-05-19 09:00:00"
877,46,"2018-05-19 11:00:00"
904,54,"2018-05-20 14:00:00"
998,66,"2018-05-24 18:00:00"
986,44,"2018-05-24 06:00:00"
911,41,"2018-05-20 21:00:00"
897,49,"2018-05-20 07:00:00"
918,31,"2018-05-21 04:00:00"
891,16,"2018-05-20 01:00:00"
973,66,"2018-05-23 17:00:00"
931,64,"2018-05-21 17:00:00"
943,49,"2018-05-22 05:00:00"
917,22,"2018-05-21 03:00:00"
967,41,"2018-05-23 11:00:00"
910,55,"2018-05-20 20:00:00"
903,51,"2018-05-20 13:00:00"
896,36,"2018-05-20 06:00:00"
932,56,"2018-05-21 18:00:00"
999,64,"2018-05-24 19:00:00"
997,63,"2018-05-24 17:00:00"
980,30,"2018-05-24 00:00:00"
916,20,"2018-05-21 02:00:00"
993,48,"2018-05-24 13:00:00"
933,59,"2018-05-21 19:00:00"
956,22,"2018-05-23 00:00:00"
953,38,"2018-05-22 21:00:00"
909,70,"2018-05-20 19:00:00"
902,60,"2018-05-20 12:00:00"
979,27,"2018-05-23 23:00:00"
969,47,"2018-05-23 13:00:00"
949,44,"2018-05-22 11:00:00"
944,44,"2018-05-22 06:00:00"
934,55,"2018-05-21 20:00:00"
915,27,"2018-05-21 01:00:00"
908,62,"2018-05-20 18:00:00"
960,31,"2018-05-23 04:00:00"
935,46,"2018-05-21 21:00:00"
962,49,"2018-05-23 06:00:00"
978,32,"2018-05-23 22:00:00"
964,43,"2018-05-23 08:00:00"
958,24,"2018-05-23 02:00:00"
1017,46,"2018-05-25 13:00:00"
936,29,"2018-05-21 22:00:00"
972,57,"2018-05-23 16:00:00"
1000,67,"2018-05-24 20:00:00"
945,40,"2018-05-22 07:00:00"
996,53,"2018-05-24 16:00:00"
990,40,"2018-05-24 10:00:00"
954,35,"2018-05-22 22:00:00"
950,46,"2018-05-22 12:00:00"
987,44,"2018-05-24 07:00:00"
977,38,"2018-05-23 21:00:00"
966,38,"2018-05-23 10:00:00"
1014,50,"2018-05-25 10:00:00"
1005,23,"2018-05-25 01:00:00"
951,54,"2018-05-22 13:00:00"
976,59,"2018-05-23 20:00:00"
971,53,"2018-05-23 15:00:00"
1025,49,"2018-05-25 21:00:00"
1001,48,"2018-05-24 21:00:00"
995,52,"2018-05-24 15:00:00"
968,44,"2018-05-23 12:00:00"
1019,49,"2018-05-25 15:00:00"
975,68,"2018-05-23 19:00:00"
983,26,"2018-05-24 03:00:00"
982,26,"2018-05-24 02:00:00"
984,33,"2018-05-24 04:00:00"
981,25,"2018-05-24 01:00:00"
988,36,"2018-05-24 08:00:00"
1011,51,"2018-05-25 07:00:00"
1008,29,"2018-05-25 04:00:00"
1004,28,"2018-05-25 00:00:00"
1002,44,"2018-05-24 22:00:00"
991,45,"2018-05-24 11:00:00"
994,44,"2018-05-24 14:00:00"
1024,50,"2018-05-25 20:00:00"
1015,50,"2018-05-25 11:00:00"
1007,29,"2018-05-25 03:00:00"
1009,49,"2018-05-25 05:00:00"
1026,47,"2018-05-25 22:00:00"
1018,47,"2018-05-25 14:00:00"
1022,56,"2018-05-25 18:00:00"
1020,48,"2018-05-25 16:00:00"
1016,47,"2018-05-25 12:00:00"
1023,50,"2018-05-25 19:00:00"
1030,24,"2018-05-26 02:00:00"
1033,53,"2018-05-28 12:00:00"
1114,53,"2018-05-31 21:00:00"
1037,56,"2018-05-28 16:00:00"
1056,52,"2018-05-29 11:00:00"
1092,21,"2018-05-30 23:00:00"
1080,50,"2018-05-30 11:00:00"
1097,38,"2018-05-31 04:00:00"
1067,29,"2018-05-29 22:00:00"
1107,50,"2018-05-31 14:00:00"
1109,52,"2018-05-31 16:00:00"
1041,69,"2018-05-28 20:00:00"
1100,60,"2018-05-31 07:00:00"
1055,46,"2018-05-29 10:00:00"
1105,45,"2018-05-31 12:00:00"
1048,23,"2018-05-29 03:00:00"
1081,51,"2018-05-30 12:00:00"
1066,49,"2018-05-29 21:00:00"
1088,62,"2018-05-30 19:00:00"
1036,47,"2018-05-28 15:00:00"
1032,50,"2018-05-28 11:00:00"
1065,61,"2018-05-29 20:00:00"
1054,42,"2018-05-29 09:00:00"
1045,23,"2018-05-29 00:00:00"
1082,52,"2018-05-30 13:00:00"
1094,25,"2018-05-31 01:00:00"
1027,40,"2018-05-25 23:00:00"
1040,72,"2018-05-28 19:00:00"
1064,64,"2018-05-29 19:00:00"
1029,24,"2018-05-26 01:00:00"
1111,52,"2018-05-31 18:00:00"
1093,30,"2018-05-31 00:00:00"
1053,43,"2018-05-29 08:00:00"
1103,46,"2018-05-31 10:00:00"
1063,66,"2018-05-29 18:00:00"
1083,49,"2018-05-30 14:00:00"
1047,17,"2018-05-29 02:00:00"
1035,53,"2018-05-28 14:00:00"
1031,46,"2018-05-28 10:00:00"
1089,56,"2018-05-30 20:00:00"
1062,63,"2018-05-29 17:00:00"
1044,33,"2018-05-28 23:00:00"
1039,68,"2018-05-28 18:00:00"
1052,39,"2018-05-29 07:00:00"
1098,51,"2018-05-31 05:00:00"
1061,54,"2018-05-29 16:00:00"
1095,27,"2018-05-31 02:00:00"
1084,69,"2018-05-30 15:00:00"
1028,21,"2018-05-26 00:00:00"
1113,58,"2018-05-31 20:00:00"
1060,53,"2018-05-29 15:00:00"
1051,57,"2018-05-29 06:00:00"
1101,60,"2018-05-31 08:00:00"
1034,44,"2018-05-28 13:00:00"
1043,33,"2018-05-28 22:00:00"
1073,28,"2018-05-30 04:00:00"
1116,26,"2018-05-31 23:00:00"
1090,60,"2018-05-30 21:00:00"
1072,22,"2018-05-30 03:00:00"
1038,64,"2018-05-28 17:00:00"
1046,25,"2018-05-29 01:00:00"
1059,58,"2018-05-29 14:00:00"
1074,36,"2018-05-30 05:00:00"
1085,53,"2018-05-30 16:00:00"
1050,42,"2018-05-29 05:00:00"
1071,23,"2018-05-30 02:00:00"
1075,56,"2018-05-30 06:00:00"
1058,46,"2018-05-29 13:00:00"
1042,46,"2018-05-28 21:00:00"
1076,49,"2018-05-30 07:00:00"
1106,53,"2018-05-31 13:00:00"
1108,43,"2018-05-31 15:00:00"
1057,49,"2018-05-29 12:00:00"
1049,23,"2018-05-29 04:00:00"
1070,26,"2018-05-30 01:00:00"
1069,23,"2018-05-30 00:00:00"
1077,45,"2018-05-30 08:00:00"
1104,51,"2018-05-31 11:00:00"
1096,27,"2018-05-31 03:00:00"
1086,61,"2018-05-30 17:00:00"
1099,47,"2018-05-31 06:00:00"
1068,24,"2018-05-29 23:00:00"
1078,43,"2018-05-30 09:00:00"
1091,35,"2018-05-30 22:00:00"
1110,54,"2018-05-31 17:00:00"
1079,50,"2018-05-30 10:00:00"
1115,28,"2018-05-31 22:00:00"
1087,67,"2018-05-30 18:00:00"
1102,49,"2018-05-31 09:00:00"
1112,62,"2018-05-31 19:00:00"
1193,21,"2018-06-04 04:00:00"
1141,20,"2018-06-02 00:00:00"
1184,66,"2018-06-03 19:00:00"
1144,16,"2018-06-02 03:00:00"
1118,24,"2018-06-01 01:00:00"
1125,51,"2018-06-01 08:00:00"
1176,66,"2018-06-03 11:00:00"
1122,41,"2018-06-01 05:00:00"
1117,37,"2018-06-01 00:00:00"
1135,57,"2018-06-01 18:00:00"
1130,44,"2018-06-01 13:00:00"
1145,27,"2018-06-02 04:00:00"
1119,20,"2018-06-01 02:00:00"
1126,51,"2018-06-01 09:00:00"
1146,29,"2018-06-02 05:00:00"
1162,43,"2018-06-02 21:00:00"
1224,47,"2018-06-14 10:00:00"
1123,52,"2018-06-01 06:00:00"
1136,53,"2018-06-01 19:00:00"
1131,57,"2018-06-01 14:00:00"
1120,25,"2018-06-01 03:00:00"
1147,40,"2018-06-02 06:00:00"
1210,47,"2018-06-04 21:00:00"
1127,43,"2018-06-01 10:00:00"
1175,44,"2018-06-03 10:00:00"
1161,48,"2018-06-02 20:00:00"
1148,39,"2018-06-02 07:00:00"
1137,48,"2018-06-01 20:00:00"
1132,51,"2018-06-01 15:00:00"
1124,36,"2018-06-01 07:00:00"
1121,21,"2018-06-01 04:00:00"
1167,21,"2018-06-03 02:00:00"
1128,40,"2018-06-01 11:00:00"
1160,52,"2018-06-02 19:00:00"
1149,50,"2018-06-02 08:00:00"
1138,41,"2018-06-01 21:00:00"
1133,51,"2018-06-01 16:00:00"
1159,56,"2018-06-02 18:00:00"
1129,48,"2018-06-01 12:00:00"
1150,45,"2018-06-02 09:00:00"
1164,24,"2018-06-02 23:00:00"
1151,36,"2018-06-02 10:00:00"
1139,30,"2018-06-01 22:00:00"
1157,53,"2018-06-02 16:00:00"
1134,47,"2018-06-01 17:00:00"
1156,46,"2018-06-02 15:00:00"
1152,37,"2018-06-02 11:00:00"
1154,36,"2018-06-02 13:00:00"
1153,42,"2018-06-02 12:00:00"
1140,23,"2018-06-01 23:00:00"
1158,51,"2018-06-02 17:00:00"
1142,27,"2018-06-02 01:00:00"
1155,45,"2018-06-02 14:00:00"
1143,28,"2018-06-02 02:00:00"
1174,56,"2018-06-03 09:00:00"
1183,69,"2018-06-03 18:00:00"
1173,46,"2018-06-03 08:00:00"
1226,45,"2018-06-14 12:00:00"
1189,22,"2018-06-04 00:00:00"
1218,32,"2018-06-05 05:00:00"
1166,20,"2018-06-03 01:00:00"
1165,21,"2018-06-03 00:00:00"
1172,44,"2018-06-03 07:00:00"
1236,31,"2018-06-14 22:00:00"
1171,41,"2018-06-03 06:00:00"
1182,60,"2018-06-03 17:00:00"
1192,25,"2018-06-04 03:00:00"
1197,44,"2018-06-04 08:00:00"
1170,24,"2018-06-03 05:00:00"
1181,59,"2018-06-03 16:00:00"
1188,23,"2018-06-03 23:00:00"
1169,20,"2018-06-03 04:00:00"
1205,53,"2018-06-04 16:00:00"
1201,46,"2018-06-04 12:00:00"
1180,56,"2018-06-03 15:00:00"
1163,34,"2018-06-02 22:00:00"
1221,24,"2018-06-14 07:00:00"
1237,23,"2018-06-14 23:00:00"
1191,16,"2018-06-04 02:00:00"
1179,51,"2018-06-03 14:00:00"
1168,24,"2018-06-03 03:00:00"
1187,23,"2018-06-03 22:00:00"
1209,58,"2018-06-04 20:00:00"
1251,57,"2018-06-15 13:00:00"
1196,42,"2018-06-04 07:00:00"
1178,50,"2018-06-03 13:00:00"
1250,55,"2018-06-15 12:00:00"
1219,36,"2018-06-05 06:00:00"
1247,49,"2018-06-15 09:00:00"
1177,50,"2018-06-03 12:00:00"
1186,44,"2018-06-03 21:00:00"
1222,46,"2018-06-14 08:00:00"
1200,46,"2018-06-04 11:00:00"
1228,45,"2018-06-14 14:00:00"
1190,20,"2018-06-04 01:00:00"
1238,24,"2018-06-15 00:00:00"
1204,48,"2018-06-04 15:00:00"
1185,55,"2018-06-03 20:00:00"
1195,52,"2018-06-04 06:00:00"
1208,58,"2018-06-04 19:00:00"
1244,45,"2018-06-15 06:00:00"
1246,54,"2018-06-15 08:00:00"
1194,29,"2018-06-04 05:00:00"
1199,43,"2018-06-04 10:00:00"
1225,52,"2018-06-14 11:00:00"
1240,26,"2018-06-15 02:00:00"
1254,50,"2018-06-15 16:00:00"
1203,48,"2018-06-04 14:00:00"
1207,54,"2018-06-04 18:00:00"
1233,61,"2018-06-14 19:00:00"
1223,46,"2018-06-14 09:00:00"
1213,18,"2018-06-05 00:00:00"
1198,41,"2018-06-04 09:00:00"
1232,62,"2018-06-14 18:00:00"
1227,43,"2018-06-14 13:00:00"
1212,21,"2018-06-04 23:00:00"
1214,29,"2018-06-05 01:00:00"
1202,46,"2018-06-04 13:00:00"
1231,55,"2018-06-14 17:00:00"
1206,56,"2018-06-04 17:00:00"
1215,21,"2018-06-05 02:00:00"
1211,30,"2018-06-04 22:00:00"
1248,54,"2018-06-15 10:00:00"
1216,23,"2018-06-05 03:00:00"
1234,50,"2018-06-14 20:00:00"
1230,49,"2018-06-14 16:00:00"
1217,26,"2018-06-05 04:00:00"
1253,45,"2018-06-15 15:00:00"
1252,53,"2018-06-15 14:00:00"
1220,46,"2018-06-05 07:00:00"
1245,55,"2018-06-15 07:00:00"
1235,44,"2018-06-14 21:00:00"
1229,52,"2018-06-14 15:00:00"
1242,35,"2018-06-15 04:00:00"
1255,52,"2018-06-15 17:00:00"
1263,21,"2018-06-16 01:00:00"
1243,41,"2018-06-15 05:00:00"
1241,27,"2018-06-15 03:00:00"
1239,25,"2018-06-15 01:00:00"
1249,58,"2018-06-15 11:00:00"
1260,40,"2018-06-15 22:00:00"
1264,18,"2018-06-16 02:00:00"
1261,28,"2018-06-15 23:00:00"
1256,52,"2018-06-15 18:00:00"
1258,54,"2018-06-15 20:00:00"
1349,53,"2018-06-19 17:00:00"
1324,54,"2018-06-18 14:00:00"
1267,27,"2018-06-16 05:00:00"
1307,40,"2018-06-17 21:00:00"
1274,46,"2018-06-16 12:00:00"
1298,42,"2018-06-17 12:00:00"
1284,27,"2018-06-16 22:00:00"
1279,68,"2018-06-16 17:00:00"
1301,46,"2018-06-17 15:00:00"
1304,54,"2018-06-17 18:00:00"
1272,42,"2018-06-16 10:00:00"
1391,49,"2018-06-21 16:00:00"
1366,62,"2018-06-20 10:00:00"
1338,45,"2018-06-19 06:00:00"
1318,49,"2018-06-18 08:00:00"
1287,22,"2018-06-17 01:00:00"
1277,52,"2018-06-16 15:00:00"
1265,24,"2018-06-16 03:00:00"
1262,23,"2018-06-16 00:00:00"
1257,54,"2018-06-15 19:00:00"
1270,45,"2018-06-16 08:00:00"
1290,24,"2018-06-17 04:00:00"
1282,40,"2018-06-16 20:00:00"
1325,73,"2018-06-18 17:00:00"
1268,40,"2018-06-16 06:00:00"
1311,24,"2018-06-18 01:00:00"
1327,72,"2018-06-18 19:00:00"
1293,37,"2018-06-17 07:00:00"
1275,44,"2018-06-16 13:00:00"
1388,44,"2018-06-21 13:00:00"
1266,21,"2018-06-16 04:00:00"
1346,53,"2018-06-19 14:00:00"
1285,40,"2018-06-16 23:00:00"
1296,44,"2018-06-17 10:00:00"
1280,65,"2018-06-16 18:00:00"
1273,59,"2018-06-16 11:00:00"
1315,33,"2018-06-18 05:00:00"
1322,47,"2018-06-18 12:00:00"
1259,43,"2018-06-15 21:00:00"
1308,30,"2018-06-17 22:00:00"
1302,40,"2018-06-17 16:00:00"
1299,40,"2018-06-17 13:00:00"
1271,39,"2018-06-16 09:00:00"
1278,47,"2018-06-16 16:00:00"
1288,15,"2018-06-17 02:00:00"
1269,65,"2018-06-16 07:00:00"
1373,36,"2018-06-20 22:00:00"
1387,45,"2018-06-21 12:00:00"
1305,64,"2018-06-17 19:00:00"
1283,51,"2018-06-16 21:00:00"
1276,44,"2018-06-16 14:00:00"
1333,20,"2018-06-19 01:00:00"
1291,24,"2018-06-17 05:00:00"
1328,58,"2018-06-18 20:00:00"
1352,55,"2018-06-19 20:00:00"
1379,27,"2018-06-21 04:00:00"
1378,24,"2018-06-21 03:00:00"
1294,39,"2018-06-17 08:00:00"
1286,22,"2018-06-17 00:00:00"
1319,45,"2018-06-18 09:00:00"
1281,45,"2018-06-16 19:00:00"
1336,28,"2018-06-19 04:00:00"
1312,22,"2018-06-18 02:00:00"
1297,42,"2018-06-17 11:00:00"
1369,55,"2018-06-20 18:00:00"
1289,20,"2018-06-17 03:00:00"
1332,23,"2018-06-19 00:00:00"
1326,72,"2018-06-18 18:00:00"
1323,53,"2018-06-18 13:00:00"
1309,24,"2018-06-17 23:00:00"
1300,40,"2018-06-17 14:00:00"
1292,35,"2018-06-17 06:00:00"
1303,52,"2018-06-17 17:00:00"
1316,43,"2018-06-18 06:00:00"
1367,55,"2018-06-20 11:00:00"
1306,57,"2018-06-17 20:00:00"
1295,40,"2018-06-17 09:00:00"
1356,41,"2018-06-20 00:00:00"
1348,52,"2018-06-19 16:00:00"
1377,21,"2018-06-21 02:00:00"
1360,46,"2018-06-20 04:00:00"
1313,23,"2018-06-18 03:00:00"
1329,39,"2018-06-18 21:00:00"
1341,45,"2018-06-19 09:00:00"
1351,64,"2018-06-19 19:00:00"
1320,51,"2018-06-18 10:00:00"
1310,21,"2018-06-18 00:00:00"
1343,45,"2018-06-19 11:00:00"
1339,53,"2018-06-19 07:00:00"
1334,24,"2018-06-19 02:00:00"
1317,55,"2018-06-18 07:00:00"
1359,43,"2018-06-20 03:00:00"
1386,48,"2018-06-21 11:00:00"
1380,39,"2018-06-21 05:00:00"
1355,41,"2018-06-19 23:00:00"
1345,48,"2018-06-19 13:00:00"
1314,28,"2018-06-18 04:00:00"
1361,52,"2018-06-20 05:00:00"
1337,39,"2018-06-19 05:00:00"
1330,33,"2018-06-18 22:00:00"
1358,38,"2018-06-20 02:00:00"
1383,37,"2018-06-21 08:00:00"
1362,67,"2018-06-20 06:00:00"
1321,50,"2018-06-18 11:00:00"
1376,18,"2018-06-21 01:00:00"
1372,48,"2018-06-20 21:00:00"
1347,54,"2018-06-19 15:00:00"
1350,66,"2018-06-19 18:00:00"
1357,43,"2018-06-20 01:00:00"
1354,39,"2018-06-19 22:00:00"
1335,18,"2018-06-19 03:00:00"
1375,23,"2018-06-21 00:00:00"
1363,69,"2018-06-20 07:00:00"
1331,26,"2018-06-18 23:00:00"
1370,58,"2018-06-20 19:00:00"
1342,48,"2018-06-19 10:00:00"
1340,47,"2018-06-19 08:00:00"
1364,57,"2018-06-20 08:00:00"
1389,50,"2018-06-21 14:00:00"
1344,50,"2018-06-19 12:00:00"
1353,45,"2018-06-19 21:00:00"
1394,61,"2018-06-21 19:00:00"
1381,43,"2018-06-21 06:00:00"
1385,47,"2018-06-21 10:00:00"
1365,64,"2018-06-20 09:00:00"
1374,25,"2018-06-20 23:00:00"
1399,29,"2018-06-22 00:00:00"
1408,42,"2018-06-22 09:00:00"
1402,28,"2018-06-22 03:00:00"
1406,42,"2018-06-22 07:00:00"
1368,40,"2018-06-20 12:00:00"
1371,52,"2018-06-20 20:00:00"
1390,45,"2018-06-21 15:00:00"
1382,42,"2018-06-21 07:00:00"
1384,47,"2018-06-21 09:00:00"
1398,26,"2018-06-21 23:00:00"
1396,49,"2018-06-21 21:00:00"
1395,60,"2018-06-21 20:00:00"
1397,38,"2018-06-21 22:00:00"
1392,63,"2018-06-21 17:00:00"
1404,31,"2018-06-22 05:00:00"
1410,48,"2018-06-22 11:00:00"
1393,56,"2018-06-21 18:00:00"
1412,39,"2018-06-22 13:00:00"
1400,31,"2018-06-22 01:00:00"
1471,44,"2018-06-25 00:00:00"
1427,21,"2018-06-23 04:00:00"
1466,86,"2018-06-24 19:00:00"
1493,35,"2018-06-25 22:00:00"
1401,26,"2018-06-22 02:00:00"
1428,34,"2018-06-23 05:00:00"
1458,59,"2018-06-24 11:00:00"
1538,57,"2018-06-27 19:00:00"
1429,38,"2018-06-23 06:00:00"
1515,58,"2018-06-26 20:00:00"
1502,43,"2018-06-26 07:00:00"
1495,24,"2018-06-26 00:00:00"
1430,45,"2018-06-23 07:00:00"
1497,23,"2018-06-26 02:00:00"
1431,48,"2018-06-23 08:00:00"
1403,28,"2018-06-22 04:00:00"
1459,58,"2018-06-24 12:00:00"
1432,46,"2018-06-23 09:00:00"
1507,39,"2018-06-26 12:00:00"
1433,53,"2018-06-23 10:00:00"
1472,37,"2018-06-25 01:00:00"
1434,58,"2018-06-23 11:00:00"
1486,49,"2018-06-25 15:00:00"
1405,39,"2018-06-22 06:00:00"
1435,46,"2018-06-23 12:00:00"
1467,78,"2018-06-24 20:00:00"
1436,47,"2018-06-23 13:00:00"
1460,69,"2018-06-24 13:00:00"
1437,45,"2018-06-23 14:00:00"
1407,44,"2018-06-22 08:00:00"
1421,30,"2018-06-22 22:00:00"
1488,62,"2018-06-25 17:00:00"
1438,43,"2018-06-23 15:00:00"
1484,43,"2018-06-25 13:00:00"
1422,31,"2018-06-22 23:00:00"
1476,34,"2018-06-25 05:00:00"
1439,53,"2018-06-23 16:00:00"
1409,46,"2018-06-22 10:00:00"
1420,37,"2018-06-22 21:00:00"
1423,27,"2018-06-23 00:00:00"
1479,49,"2018-06-25 08:00:00"
1440,54,"2018-06-23 17:00:00"
1419,46,"2018-06-22 20:00:00"
1411,42,"2018-06-22 12:00:00"
1418,47,"2018-06-22 19:00:00"
1417,49,"2018-06-22 18:00:00"
1413,46,"2018-06-22 14:00:00"
1414,49,"2018-06-22 15:00:00"
1415,44,"2018-06-22 16:00:00"
1416,44,"2018-06-22 17:00:00"
1441,51,"2018-06-23 18:00:00"
1525,40,"2018-06-27 06:00:00"
1461,71,"2018-06-24 14:00:00"
1442,48,"2018-06-23 19:00:00"
1446,25,"2018-06-23 23:00:00"
1443,50,"2018-06-23 20:00:00"
1444,37,"2018-06-23 21:00:00"
1445,33,"2018-06-23 22:00:00"
1447,24,"2018-06-24 00:00:00"
1501,46,"2018-06-26 06:00:00"
1508,53,"2018-06-26 13:00:00"
1490,65,"2018-06-25 19:00:00"
1468,61,"2018-06-24 21:00:00"
1482,44,"2018-06-25 11:00:00"
1473,42,"2018-06-25 02:00:00"
1462,68,"2018-06-24 15:00:00"
1540,41,"2018-06-27 21:00:00"
1522,19,"2018-06-27 03:00:00"
1520,22,"2018-06-27 01:00:00"
1509,46,"2018-06-26 14:00:00"
1424,25,"2018-06-23 01:00:00"
1500,36,"2018-06-26 05:00:00"
1425,25,"2018-06-23 02:00:00"
1513,57,"2018-06-26 18:00:00"
1463,73,"2018-06-24 16:00:00"
1426,20,"2018-06-23 03:00:00"
1492,48,"2018-06-25 21:00:00"
1469,54,"2018-06-24 22:00:00"
1477,48,"2018-06-25 06:00:00"
1547,17,"2018-06-28 04:00:00"
1545,20,"2018-06-28 02:00:00"
1496,25,"2018-06-26 01:00:00"
1480,41,"2018-06-25 09:00:00"
1474,40,"2018-06-25 03:00:00"
1464,83,"2018-06-24 17:00:00"
1535,52,"2018-06-27 16:00:00"
1528,47,"2018-06-27 09:00:00"
1499,29,"2018-06-26 04:00:00"
1494,21,"2018-06-25 23:00:00"
1452,29,"2018-06-24 05:00:00"
1451,22,"2018-06-24 04:00:00"
1449,21,"2018-06-24 02:00:00"
1450,20,"2018-06-24 03:00:00"
1448,22,"2018-06-24 01:00:00"
1453,29,"2018-06-24 06:00:00"
1510,49,"2018-06-26 15:00:00"
1487,54,"2018-06-25 16:00:00"
1454,47,"2018-06-24 07:00:00"
1470,46,"2018-06-24 23:00:00"
1455,46,"2018-06-24 08:00:00"
1485,44,"2018-06-25 14:00:00"
1465,82,"2018-06-24 18:00:00"
1456,45,"2018-06-24 09:00:00"
1526,47,"2018-06-27 07:00:00"
1518,25,"2018-06-26 23:00:00"
1483,45,"2018-06-25 12:00:00"
1457,46,"2018-06-24 10:00:00"
1489,62,"2018-06-25 18:00:00"
1478,51,"2018-06-25 07:00:00"
1475,27,"2018-06-25 04:00:00"
1544,22,"2018-06-28 01:00:00"
1516,41,"2018-06-26 21:00:00"
1539,57,"2018-06-27 20:00:00"
1532,47,"2018-06-27 13:00:00"
1514,58,"2018-06-26 19:00:00"
1498,25,"2018-06-26 03:00:00"
1481,47,"2018-06-25 10:00:00"
1491,55,"2018-06-25 20:00:00"
1511,47,"2018-06-26 16:00:00"
1531,44,"2018-06-27 12:00:00"
1530,45,"2018-06-27 11:00:00"
1549,44,"2018-06-28 06:00:00"
1533,49,"2018-06-27 14:00:00"
1527,47,"2018-06-27 08:00:00"
1504,41,"2018-06-26 09:00:00"
1505,45,"2018-06-26 10:00:00"
1503,41,"2018-06-26 08:00:00"
1521,21,"2018-06-27 02:00:00"
1506,41,"2018-06-26 11:00:00"
1512,60,"2018-06-26 17:00:00"
1519,25,"2018-06-27 00:00:00"
1550,43,"2018-06-28 07:00:00"
1551,38,"2018-06-28 08:00:00"
1517,28,"2018-06-26 22:00:00"
1523,27,"2018-06-27 04:00:00"
1524,37,"2018-06-27 05:00:00"
1548,33,"2018-06-28 05:00:00"
1529,48,"2018-06-27 10:00:00"
1546,15,"2018-06-28 03:00:00"
1537,71,"2018-06-27 18:00:00"
1534,48,"2018-06-27 15:00:00"
1536,66,"2018-06-27 17:00:00"
1543,21,"2018-06-28 00:00:00"
1542,27,"2018-06-27 23:00:00"
1541,31,"2018-06-27 22:00:00"
1557,44,"2018-06-28 14:00:00"
1587,38,"2018-06-29 20:00:00"
1563,50,"2018-06-28 20:00:00"
1578,42,"2018-06-29 11:00:00"
1572,29,"2018-06-29 05:00:00"
1612,33,"2018-06-30 21:00:00"
1611,49,"2018-06-30 20:00:00"
1586,50,"2018-06-29 19:00:00"
1556,37,"2018-06-28 13:00:00"
1562,65,"2018-06-28 19:00:00"
1585,48,"2018-06-29 18:00:00"
1577,43,"2018-06-29 10:00:00"
1571,25,"2018-06-29 04:00:00"
1555,45,"2018-06-28 12:00:00"
1584,40,"2018-06-29 17:00:00"
1591,19,"2018-06-30 00:00:00"
1561,61,"2018-06-28 18:00:00"
1570,25,"2018-06-29 03:00:00"
1554,47,"2018-06-28 11:00:00"
1567,23,"2018-06-29 00:00:00"
1576,36,"2018-06-29 09:00:00"
1583,43,"2018-06-29 16:00:00"
1596,45,"2018-06-30 05:00:00"
1560,54,"2018-06-28 17:00:00"
1595,39,"2018-06-30 04:00:00"
1594,43,"2018-06-30 03:00:00"
1553,41,"2018-06-28 10:00:00"
1597,49,"2018-06-30 06:00:00"
1593,35,"2018-06-30 02:00:00"
1566,26,"2018-06-28 23:00:00"
1582,43,"2018-06-29 15:00:00"
1569,22,"2018-06-29 02:00:00"
1598,56,"2018-06-30 07:00:00"
1559,49,"2018-06-28 16:00:00"
1552,39,"2018-06-28 09:00:00"
1575,37,"2018-06-29 08:00:00"
1599,63,"2018-06-30 08:00:00"
1590,20,"2018-06-29 23:00:00"
1592,16,"2018-06-30 01:00:00"
1565,31,"2018-06-28 22:00:00"
1558,51,"2018-06-28 15:00:00"
1581,39,"2018-06-29 14:00:00"
1568,24,"2018-06-29 01:00:00"
1600,60,"2018-06-30 09:00:00"
1601,62,"2018-06-30 10:00:00"
1574,45,"2018-06-29 07:00:00"
1564,45,"2018-06-28 21:00:00"
1602,57,"2018-06-30 11:00:00"
1580,34,"2018-06-29 13:00:00"
1589,23,"2018-06-29 22:00:00"
1573,36,"2018-06-29 06:00:00"
1603,59,"2018-06-30 12:00:00"
1579,36,"2018-06-29 12:00:00"
1605,38,"2018-06-30 14:00:00"
1604,59,"2018-06-30 13:00:00"
1607,39,"2018-06-30 16:00:00"
1588,35,"2018-06-29 21:00:00"
1606,41,"2018-06-30 15:00:00"
1608,38,"2018-06-30 17:00:00"
1609,44,"2018-06-30 18:00:00"
1614,18,"2018-06-30 23:00:00"
1613,26,"2018-06-30 22:00:00"
1610,43,"2018-06-30 19:00:00"
1729,44,"2018-07-05 18:00:00"
1624,36,"2018-07-01 09:00:00"
1683,45,"2018-07-03 20:00:00"
1660,33,"2018-07-02 21:00:00"
1617,14,"2018-07-01 02:00:00"
1625,39,"2018-07-01 10:00:00"
1626,39,"2018-07-01 11:00:00"
1712,17,"2018-07-05 01:00:00"
1668,28,"2018-07-03 05:00:00"
1643,25,"2018-07-02 04:00:00"
1618,14,"2018-07-01 03:00:00"
1627,35,"2018-07-01 12:00:00"
1675,39,"2018-07-03 12:00:00"
1652,40,"2018-07-02 13:00:00"
1620,23,"2018-07-01 05:00:00"
1616,16,"2018-07-01 01:00:00"
1644,33,"2018-07-02 05:00:00"
1642,20,"2018-07-02 03:00:00"
1628,35,"2018-07-01 13:00:00"
1619,16,"2018-07-01 04:00:00"
1621,29,"2018-07-01 06:00:00"
1615,16,"2018-07-01 00:00:00"
1651,39,"2018-07-02 12:00:00"
1632,46,"2018-07-01 17:00:00"
1650,46,"2018-07-02 11:00:00"
1629,36,"2018-07-01 14:00:00"
1630,40,"2018-07-01 15:00:00"
1622,37,"2018-07-01 07:00:00"
1631,43,"2018-07-01 16:00:00"
1645,34,"2018-07-02 06:00:00"
1633,46,"2018-07-01 18:00:00"
1637,28,"2018-07-01 22:00:00"
1623,35,"2018-07-01 08:00:00"
1703,59,"2018-07-04 16:00:00"
1634,50,"2018-07-01 19:00:00"
1687,22,"2018-07-04 00:00:00"
1636,37,"2018-07-01 21:00:00"
1667,24,"2018-07-03 04:00:00"
1635,45,"2018-07-01 20:00:00"
1646,38,"2018-07-02 07:00:00"
1649,42,"2018-07-02 10:00:00"
1647,40,"2018-07-02 08:00:00"
1688,23,"2018-07-04 01:00:00"
1678,37,"2018-07-03 15:00:00"
1648,45,"2018-07-02 09:00:00"
1663,17,"2018-07-03 00:00:00"
1641,15,"2018-07-02 02:00:00"
1725,28,"2018-07-05 14:00:00"
1640,15,"2018-07-02 01:00:00"
1638,25,"2018-07-01 23:00:00"
1661,27,"2018-07-02 22:00:00"
1639,17,"2018-07-02 00:00:00"
1659,48,"2018-07-02 20:00:00"
1711,34,"2018-07-05 00:00:00"
1685,34,"2018-07-03 22:00:00"
1657,48,"2018-07-02 18:00:00"
1656,45,"2018-07-02 17:00:00"
1658,56,"2018-07-02 19:00:00"
1690,20,"2018-07-04 03:00:00"
1674,41,"2018-07-03 11:00:00"
1655,49,"2018-07-02 16:00:00"
1654,45,"2018-07-02 15:00:00"
1662,18,"2018-07-02 23:00:00"
1751,39,"2018-07-06 16:00:00"
1677,37,"2018-07-03 14:00:00"
1689,21,"2018-07-04 02:00:00"
1673,41,"2018-07-03 10:00:00"
1653,37,"2018-07-02 14:00:00"
1682,48,"2018-07-03 19:00:00"
1738,13,"2018-07-06 03:00:00"
1699,53,"2018-07-04 12:00:00"
1693,45,"2018-07-04 06:00:00"
1672,41,"2018-07-03 09:00:00"
1666,18,"2018-07-03 03:00:00"
1706,61,"2018-07-04 19:00:00"
1737,16,"2018-07-06 02:00:00"
1665,17,"2018-07-03 02:00:00"
1664,18,"2018-07-03 01:00:00"
1749,39,"2018-07-06 14:00:00"
1671,41,"2018-07-03 08:00:00"
1681,48,"2018-07-03 18:00:00"
1713,16,"2018-07-05 02:00:00"
1670,40,"2018-07-03 07:00:00"
1696,41,"2018-07-04 09:00:00"
1753,35,"2018-07-06 18:00:00"
1692,38,"2018-07-04 05:00:00"
1669,35,"2018-07-03 06:00:00"
1750,40,"2018-07-06 15:00:00"
1702,54,"2018-07-04 15:00:00"
1680,45,"2018-07-03 17:00:00"
1686,26,"2018-07-03 23:00:00"
1676,35,"2018-07-03 13:00:00"
1684,36,"2018-07-03 21:00:00"
1733,24,"2018-07-05 22:00:00"
1679,34,"2018-07-03 16:00:00"
1730,36,"2018-07-05 19:00:00"
1698,41,"2018-07-04 11:00:00"
1705,58,"2018-07-04 18:00:00"
1691,32,"2018-07-04 04:00:00"
1743,33,"2018-07-06 08:00:00"
1726,28,"2018-07-05 15:00:00"
1714,17,"2018-07-05 03:00:00"
1695,37,"2018-07-04 08:00:00"
1739,16,"2018-07-06 04:00:00"
1710,42,"2018-07-04 23:00:00"
1701,53,"2018-07-04 14:00:00"
1757,24,"2018-07-06 22:00:00"
1722,28,"2018-07-05 11:00:00"
1758,23,"2018-07-06 23:00:00"
1709,45,"2018-07-04 22:00:00"
1744,37,"2018-07-06 09:00:00"
1716,29,"2018-07-05 05:00:00"
1704,54,"2018-07-04 17:00:00"
1694,39,"2018-07-04 07:00:00"
1715,19,"2018-07-05 04:00:00"
1697,35,"2018-07-04 10:00:00"
1741,27,"2018-07-06 06:00:00"
1700,54,"2018-07-04 13:00:00"
1708,46,"2018-07-04 21:00:00"
1728,48,"2018-07-05 17:00:00"
1746,37,"2018-07-06 11:00:00"
1717,29,"2018-07-05 06:00:00"
1723,29,"2018-07-05 12:00:00"
1735,18,"2018-07-06 00:00:00"
1707,51,"2018-07-04 20:00:00"
1731,26,"2018-07-05 20:00:00"
1742,39,"2018-07-06 07:00:00"
1718,37,"2018-07-05 07:00:00"
1720,33,"2018-07-05 09:00:00"
1719,35,"2018-07-05 08:00:00"
1732,21,"2018-07-05 21:00:00"
1721,34,"2018-07-05 10:00:00"
1724,41,"2018-07-05 13:00:00"
1759,23,"2018-07-07 00:00:00"
1727,36,"2018-07-05 16:00:00"
1734,20,"2018-07-05 23:00:00"
1747,36,"2018-07-06 12:00:00"
1756,29,"2018-07-06 21:00:00"
1736,18,"2018-07-06 01:00:00"
1748,35,"2018-07-06 13:00:00"
1740,22,"2018-07-06 05:00:00"
1745,42,"2018-07-06 10:00:00"
1755,36,"2018-07-06 20:00:00"
1754,41,"2018-07-06 19:00:00"
1752,32,"2018-07-06 17:00:00"
1893,43,"2018-07-12 14:00:00"
1769,38,"2018-07-07 10:00:00"
1773,38,"2018-07-07 14:00:00"
1762,11,"2018-07-07 03:00:00"
1782,19,"2018-07-07 23:00:00"
1852,40,"2018-07-10 21:00:00"
1811,19,"2018-07-09 04:00:00"
1777,38,"2018-07-07 18:00:00"
1870,52,"2018-07-11 15:00:00"
1827,47,"2018-07-09 20:00:00"
1766,32,"2018-07-07 07:00:00"
1858,22,"2018-07-11 03:00:00"
1791,36,"2018-07-08 08:00:00"
1846,51,"2018-07-10 15:00:00"
1831,22,"2018-07-10 00:00:00"
1770,31,"2018-07-07 11:00:00"
1810,22,"2018-07-09 03:00:00"
1774,37,"2018-07-07 15:00:00"
1761,17,"2018-07-07 02:00:00"
1816,38,"2018-07-09 09:00:00"
1802,48,"2018-07-08 19:00:00"
1786,17,"2018-07-08 03:00:00"
1767,40,"2018-07-07 08:00:00"
1778,36,"2018-07-07 19:00:00"
1812,25,"2018-07-09 05:00:00"
1787,19,"2018-07-08 04:00:00"
1799,53,"2018-07-08 16:00:00"
1796,37,"2018-07-08 13:00:00"
1807,18,"2018-07-09 00:00:00"
1792,41,"2018-07-08 09:00:00"
1771,34,"2018-07-07 12:00:00"
1760,18,"2018-07-07 01:00:00"
1768,31,"2018-07-07 09:00:00"
1788,21,"2018-07-08 05:00:00"
1775,36,"2018-07-07 16:00:00"
1785,18,"2018-07-08 02:00:00"
1779,33,"2018-07-07 20:00:00"
1763,21,"2018-07-07 04:00:00"
1897,63,"2018-07-12 18:00:00"
1863,50,"2018-07-11 08:00:00"
1849,63,"2018-07-10 18:00:00"
1764,21,"2018-07-07 05:00:00"
1823,51,"2018-07-09 16:00:00"
1772,38,"2018-07-07 13:00:00"
1830,24,"2018-07-09 23:00:00"
1780,31,"2018-07-07 21:00:00"
1765,22,"2018-07-07 06:00:00"
1828,39,"2018-07-09 21:00:00"
1829,26,"2018-07-09 22:00:00"
1885,46,"2018-07-12 06:00:00"
1803,42,"2018-07-08 20:00:00"
1784,20,"2018-07-08 01:00:00"
1776,40,"2018-07-07 17:00:00"
1789,29,"2018-07-08 06:00:00"
1809,17,"2018-07-09 02:00:00"
1817,37,"2018-07-09 10:00:00"
1843,37,"2018-07-10 12:00:00"
1813,34,"2018-07-09 06:00:00"
1800,57,"2018-07-08 17:00:00"
1793,50,"2018-07-08 10:00:00"
1781,27,"2018-07-07 22:00:00"
1783,19,"2018-07-08 00:00:00"
1797,47,"2018-07-08 14:00:00"
1839,37,"2018-07-10 08:00:00"
1794,38,"2018-07-08 11:00:00"
1841,41,"2018-07-10 10:00:00"
1837,36,"2018-07-10 06:00:00"
1873,54,"2018-07-11 18:00:00"
1790,37,"2018-07-08 07:00:00"
1804,36,"2018-07-08 21:00:00"
1808,14,"2018-07-09 01:00:00"
1805,26,"2018-07-08 22:00:00"
1806,24,"2018-07-08 23:00:00"
1884,43,"2018-07-12 05:00:00"
1824,44,"2018-07-09 17:00:00"
1818,42,"2018-07-09 11:00:00"
1795,39,"2018-07-08 12:00:00"
1868,51,"2018-07-11 13:00:00"
1801,50,"2018-07-08 18:00:00"
1798,51,"2018-07-08 15:00:00"
1896,54,"2018-07-12 17:00:00"
1886,44,"2018-07-12 07:00:00"
1864,49,"2018-07-11 09:00:00"
1814,37,"2018-07-09 07:00:00"
1882,24,"2018-07-12 03:00:00"
1876,47,"2018-07-11 21:00:00"
1845,46,"2018-07-10 14:00:00"
1819,42,"2018-07-09 12:00:00"
1872,58,"2018-07-11 17:00:00"
1848,57,"2018-07-10 17:00:00"
1820,36,"2018-07-09 13:00:00"
1825,48,"2018-07-09 18:00:00"
1853,32,"2018-07-10 22:00:00"
1821,35,"2018-07-09 14:00:00"
1851,59,"2018-07-10 20:00:00"
1890,42,"2018-07-12 11:00:00"
1835,22,"2018-07-10 04:00:00"
1815,40,"2018-07-09 08:00:00"
1834,19,"2018-07-10 03:00:00"
1903,22,"2018-07-13 00:00:00"
1860,35,"2018-07-11 05:00:00"
1883,32,"2018-07-12 04:00:00"
1865,52,"2018-07-11 10:00:00"
1832,17,"2018-07-10 01:00:00"
1826,55,"2018-07-09 19:00:00"
1838,39,"2018-07-10 07:00:00"
1822,38,"2018-07-09 15:00:00"
1840,36,"2018-07-10 09:00:00"
1859,32,"2018-07-11 04:00:00"
1836,35,"2018-07-10 05:00:00"
1833,21,"2018-07-10 02:00:00"
1895,48,"2018-07-12 16:00:00"
1842,37,"2018-07-10 11:00:00"
1847,55,"2018-07-10 16:00:00"
1887,48,"2018-07-12 08:00:00"
1855,19,"2018-07-11 00:00:00"
1844,44,"2018-07-10 13:00:00"
1854,26,"2018-07-10 23:00:00"
1861,50,"2018-07-11 06:00:00"
1869,50,"2018-07-11 14:00:00"
1850,57,"2018-07-10 19:00:00"
1871,62,"2018-07-11 16:00:00"
1880,26,"2018-07-12 01:00:00"
1856,22,"2018-07-11 01:00:00"
1866,49,"2018-07-11 11:00:00"
1862,47,"2018-07-11 07:00:00"
1899,45,"2018-07-12 20:00:00"
1892,36,"2018-07-12 13:00:00"
1857,25,"2018-07-11 02:00:00"
1875,50,"2018-07-11 20:00:00"
1877,29,"2018-07-11 22:00:00"
1867,48,"2018-07-11 12:00:00"
1891,36,"2018-07-12 12:00:00"
1878,32,"2018-07-11 23:00:00"
1874,60,"2018-07-11 19:00:00"
1881,24,"2018-07-12 02:00:00"
1879,28,"2018-07-12 00:00:00"
1905,23,"2018-07-13 02:00:00"
1904,29,"2018-07-13 01:00:00"
1894,40,"2018-07-12 15:00:00"
1888,44,"2018-07-12 09:00:00"
1889,39,"2018-07-12 10:00:00"
1898,65,"2018-07-12 19:00:00"
1900,40,"2018-07-12 21:00:00"
1907,18,"2018-07-13 04:00:00"
1944,45,"2018-07-14 17:00:00"
1927,28,"2018-07-14 00:00:00"
1959,47,"2018-07-15 08:00:00"
1960,52,"2018-07-15 09:00:00"
1943,43,"2018-07-14 16:00:00"
1955,26,"2018-07-15 04:00:00"
1930,28,"2018-07-14 03:00:00"
1942,40,"2018-07-14 15:00:00"
1975,23,"2018-07-16 00:00:00"
1961,49,"2018-07-15 10:00:00"
1962,47,"2018-07-15 11:00:00"
1969,66,"2018-07-15 18:00:00"
1926,28,"2018-07-13 23:00:00"
1951,27,"2018-07-15 00:00:00"
1941,46,"2018-07-14 14:00:00"
1984,52,"2018-07-16 12:00:00"
1929,28,"2018-07-14 02:00:00"
1963,47,"2018-07-15 12:00:00"
1902,28,"2018-07-12 23:00:00"
1908,26,"2018-07-13 05:00:00"
1906,22,"2018-07-13 03:00:00"
1909,30,"2018-07-13 06:00:00"
1925,30,"2018-07-13 22:00:00"
1940,49,"2018-07-14 13:00:00"
1939,47,"2018-07-14 12:00:00"
1964,49,"2018-07-15 13:00:00"
1910,47,"2018-07-13 07:00:00"
1938,47,"2018-07-14 11:00:00"
1919,46,"2018-07-13 16:00:00"
1901,33,"2018-07-12 22:00:00"
1977,22,"2018-07-16 02:00:00"
1924,38,"2018-07-13 21:00:00"
1911,49,"2018-07-13 08:00:00"
1920,54,"2018-07-13 17:00:00"
1970,64,"2018-07-15 19:00:00"
1937,44,"2018-07-14 10:00:00"
1912,44,"2018-07-13 09:00:00"
1918,48,"2018-07-13 15:00:00"
1921,57,"2018-07-13 18:00:00"
1913,50,"2018-07-13 10:00:00"
1974,22,"2018-07-15 23:00:00"
1928,29,"2018-07-14 01:00:00"
1914,48,"2018-07-13 11:00:00"
1923,44,"2018-07-13 20:00:00"
1922,46,"2018-07-13 19:00:00"
1915,44,"2018-07-13 12:00:00"
1916,44,"2018-07-13 13:00:00"
1917,46,"2018-07-13 14:00:00"
1936,45,"2018-07-14 09:00:00"
1935,40,"2018-07-14 08:00:00"
1950,32,"2018-07-14 23:00:00"
1934,42,"2018-07-14 07:00:00"
1952,26,"2018-07-15 01:00:00"
1932,35,"2018-07-14 05:00:00"
1982,41,"2018-07-16 10:00:00"
1954,20,"2018-07-15 03:00:00"
1933,36,"2018-07-14 06:00:00"
1965,50,"2018-07-15 14:00:00"
1931,31,"2018-07-14 04:00:00"
1973,27,"2018-07-15 22:00:00"
1985,48,"2018-07-16 13:00:00"
1966,49,"2018-07-15 15:00:00"
1971,62,"2018-07-15 20:00:00"
1949,37,"2018-07-14 22:00:00"
1976,23,"2018-07-16 01:00:00"
1948,44,"2018-07-14 21:00:00"
1967,47,"2018-07-15 16:00:00"
1947,46,"2018-07-14 20:00:00"
1972,52,"2018-07-15 21:00:00"
1945,48,"2018-07-14 18:00:00"
1946,58,"2018-07-14 19:00:00"
1980,27,"2018-07-16 05:00:00"
1968,51,"2018-07-15 17:00:00"
1958,38,"2018-07-15 07:00:00"
1956,31,"2018-07-15 05:00:00"
1953,21,"2018-07-15 02:00:00"
1957,33,"2018-07-15 06:00:00"
1983,53,"2018-07-16 11:00:00"
1979,29,"2018-07-16 04:00:00"
1978,20,"2018-07-16 03:00:00"
1981,43,"2018-07-16 09:00:00"
